exit	participant_id	day	chordID	chord
0.16857142857142857	subj100	1	91211	untrained
-0.22000000000000006	subj100	1	91211	untrained
0.2742857142857143	subj100	1	91211	untrained
0.34857142857142864	subj100	1	91211	untrained
0.2485714285714286	subj100	1	91211	untrained
0.35428571428571437	subj100	1	91211	untrained
0.42857142857142855	subj100	1	91211	untrained
0.42857142857142855	subj100	1	91211	untrained
0.22000000000000006	subj100	1	91211	untrained
0.0	subj100	1	91211	untrained
-0.2857142857142857	subj100	1	91211	untrained
-0.2857142857142857	subj100	1	91211	untrained
-0.08571428571428572	subj100	1	91211	untrained
-0.14571428571428574	subj100	1	91211	untrained
-0.12285714285714285	subj100	1	91211	untrained
-0.14	subj100	1	91211	untrained
0.22000000000000006	subj100	1	91211	untrained
0.2514285714285715	subj100	1	91211	untrained
0.2514285714285715	subj100	1	91211	untrained
0.12285714285714285	subj100	1	91211	untrained
0.14571428571428574	subj100	1	91211	untrained
0.35428571428571437	subj100	1	91211	untrained
0.2742857142857143	subj100	1	91211	untrained
0.2742857142857143	subj100	1	91211	untrained
0.12285714285714285	subj100	1	91211	untrained
0.37142857142857144	subj100	1	91211	untrained
-0.14571428571428574	subj100	1	91211	untrained
0.34857142857142864	subj100	1	91211	untrained
0.1457142857142857	subj100	1	91211	untrained
0.14	subj100	1	91211	untrained
0.35428571428571437	subj100	1	91211	untrained
0.1457142857142857	subj100	1	91211	untrained
0.2742857142857143	subj100	1	91211	untrained
0.35428571428571437	subj100	1	91211	untrained
-0.12285714285714285	subj100	1	91211	untrained
	subj100	1	21291	untrained
	subj100	1	21291	untrained
	subj100	1	21291	untrained
	subj100	1	21291	untrained
	subj100	1	21291	untrained
	subj100	1	21291	untrained
	subj100	1	21291	untrained
	subj100	1	21291	untrained
	subj100	1	21291	untrained
	subj100	1	21291	untrained
	subj100	1	21291	untrained
	subj100	1	21291	untrained
	subj100	1	21291	untrained
	subj100	1	21291	untrained
	subj100	1	21291	untrained
	subj100	1	21291	untrained
	subj100	1	21291	untrained
	subj100	1	21291	untrained
	subj100	1	21291	untrained
	subj100	1	21291	untrained
	subj100	1	21291	untrained
	subj100	1	21291	untrained
	subj100	1	21291	untrained
	subj100	1	21291	untrained
	subj100	1	21291	untrained
	subj100	1	21291	untrained
	subj100	1	21291	untrained
	subj100	1	21291	untrained
	subj100	1	21291	untrained
	subj100	1	21291	untrained
	subj100	1	21291	untrained
	subj100	1	21291	untrained
	subj100	1	21291	untrained
	subj100	1	21291	untrained
	subj100	1	21291	untrained
	subj100	1	21291	untrained
	subj100	1	21291	untrained
	subj100	1	21291	untrained
	subj100	1	21291	untrained
	subj100	1	21291	untrained
	subj100	1	21291	untrained
	subj100	1	21291	untrained
	subj100	1	21291	untrained
	subj100	1	21291	untrained
	subj100	1	21291	untrained
	subj100	1	21291	untrained
	subj100	1	21291	untrained
	subj100	1	21291	untrained
	subj100	1	21291	untrained
	subj100	1	21291	untrained
	subj100	1	21291	untrained
	subj100	1	21291	untrained
	subj100	1	21291	untrained
	subj100	1	21291	untrained
	subj100	1	21291	untrained
	subj100	1	21291	untrained
	subj100	1	21291	untrained
	subj100	1	21291	untrained
	subj100	1	21291	untrained
	subj100	1	21291	untrained
	subj100	1	92122	untrained
	subj100	1	92122	untrained
	subj100	1	92122	untrained
	subj100	1	92122	untrained
	subj100	1	92122	untrained
	subj100	1	92122	untrained
	subj100	1	92122	untrained
	subj100	1	92122	untrained
	subj100	1	92122	untrained
	subj100	1	92122	untrained
	subj100	1	92122	untrained
	subj100	1	92122	untrained
	subj100	1	92122	untrained
	subj100	1	92122	untrained
	subj100	1	92122	untrained
	subj100	1	92122	untrained
	subj100	1	92122	untrained
	subj100	1	92122	untrained
	subj100	1	92122	untrained
	subj100	1	92122	untrained
	subj100	1	92122	untrained
	subj100	1	92122	untrained
	subj100	1	92122	untrained
	subj100	1	92122	untrained
	subj100	1	92122	untrained
	subj100	1	92122	untrained
	subj100	1	92122	untrained
	subj100	1	92122	untrained
	subj100	1	92122	untrained
	subj100	1	92122	untrained
	subj100	1	92122	untrained
	subj100	1	92122	untrained
	subj100	1	92122	untrained
	subj100	1	92122	untrained
	subj100	1	92122	untrained
	subj100	1	92122	untrained
	subj100	1	92122	untrained
	subj100	1	92122	untrained
	subj100	1	92122	untrained
	subj100	1	92122	untrained
	subj100	1	92122	untrained
	subj100	1	92122	untrained
	subj100	1	92122	untrained
	subj100	1	92122	untrained
	subj100	1	92122	untrained
	subj100	1	92122	untrained
	subj100	1	92122	untrained
	subj100	1	92122	untrained
	subj100	1	92122	untrained
	subj100	1	92122	untrained
	subj100	1	92122	untrained
	subj100	1	92122	untrained
	subj100	1	92122	untrained
	subj100	1	92122	untrained
	subj100	1	92122	untrained
	subj100	1	92122	untrained
	subj100	1	92122	untrained
	subj100	1	92122	untrained
	subj100	1	92122	untrained
	subj100	1	92122	untrained
	subj100	1	92122	untrained
	subj100	1	92122	untrained
	subj100	1	92122	untrained
	subj100	1	92122	untrained
	subj100	1	92122	untrained
	subj100	1	19111	untrained
	subj100	1	19111	untrained
	subj100	1	19111	untrained
	subj100	1	19111	untrained
	subj100	1	19111	untrained
	subj100	1	19111	untrained
	subj100	1	19111	untrained
	subj100	1	19111	untrained
	subj100	1	19111	untrained
	subj100	1	19111	untrained
	subj100	1	19111	untrained
	subj100	1	19111	untrained
	subj100	1	19111	untrained
	subj100	1	19111	untrained
	subj100	1	19111	untrained
	subj100	1	19111	untrained
	subj100	1	19111	untrained
	subj100	1	19111	untrained
	subj100	1	19111	untrained
	subj100	1	19111	untrained
	subj100	1	19111	untrained
	subj100	1	19111	untrained
	subj100	1	19111	untrained
	subj100	1	19111	untrained
	subj100	1	19111	untrained
	subj100	1	19111	untrained
	subj100	1	19111	untrained
	subj100	1	19111	untrained
	subj100	1	19111	untrained
	subj100	1	19111	untrained
	subj100	1	19111	untrained
	subj100	1	19111	untrained
	subj100	1	19111	untrained
	subj100	1	19111	untrained
	subj100	1	19111	untrained
	subj100	1	19111	untrained
	subj100	1	19111	untrained
	subj100	1	19111	untrained
	subj100	1	19111	untrained
	subj100	1	19111	untrained
	subj100	1	19111	untrained
	subj100	1	19111	untrained
	subj100	1	19111	untrained
	subj100	1	19111	untrained
	subj100	1	19111	untrained
	subj100	1	19111	untrained
	subj100	1	19111	untrained
	subj100	1	19111	untrained
	subj100	1	19111	untrained
	subj100	1	19111	untrained
	subj100	1	29212	untrained
	subj100	1	29212	untrained
	subj100	1	29212	untrained
	subj100	1	29212	untrained
	subj100	1	29212	untrained
	subj100	1	29212	untrained
	subj100	1	29212	untrained
	subj100	1	29212	untrained
	subj100	1	29212	untrained
	subj100	1	29212	untrained
	subj100	1	29212	untrained
	subj100	1	29212	untrained
	subj100	1	29212	untrained
	subj100	1	29212	untrained
	subj100	1	29212	untrained
	subj100	1	29212	untrained
	subj100	1	29212	untrained
	subj100	1	29212	untrained
	subj100	1	29212	untrained
	subj100	1	29212	untrained
	subj100	1	29212	untrained
	subj100	1	29212	untrained
	subj100	1	29212	untrained
	subj100	1	29212	untrained
	subj100	1	29212	untrained
	subj100	1	29212	untrained
	subj100	1	29212	untrained
	subj100	1	29212	untrained
	subj100	1	29212	untrained
	subj100	1	29212	untrained
	subj100	1	29212	untrained
	subj100	1	29212	untrained
	subj100	1	29212	untrained
	subj100	1	29212	untrained
	subj100	1	29212	untrained
	subj100	1	29212	untrained
	subj100	1	29212	untrained
	subj100	1	29212	untrained
	subj100	1	29212	untrained
	subj100	1	29212	untrained
	subj100	1	29212	untrained
	subj100	1	29212	untrained
	subj100	1	29212	untrained
	subj100	1	29212	untrained
	subj100	1	29212	untrained
	subj100	1	29212	untrained
	subj100	1	29212	untrained
	subj100	1	29212	untrained
	subj100	1	29212	untrained
	subj100	1	29212	untrained
	subj100	1	22911	untrained
	subj100	1	22911	untrained
	subj100	1	22911	untrained
	subj100	1	22911	untrained
	subj100	1	22911	untrained
	subj100	1	22911	untrained
	subj100	1	22911	untrained
	subj100	1	22911	untrained
	subj100	1	22911	untrained
	subj100	1	22911	untrained
	subj100	1	22911	untrained
	subj100	1	22911	untrained
	subj100	1	22911	untrained
	subj100	1	22911	untrained
	subj100	1	22911	untrained
	subj100	1	22911	untrained
	subj100	1	22911	untrained
	subj100	1	22911	untrained
	subj100	1	22911	untrained
	subj100	1	22911	untrained
	subj100	1	22911	untrained
	subj100	1	22911	untrained
	subj100	1	22911	untrained
	subj100	1	22911	untrained
	subj100	1	22911	untrained
	subj100	1	22911	untrained
	subj100	1	22911	untrained
	subj100	1	22911	untrained
	subj100	1	22911	untrained
	subj100	1	22911	untrained
	subj100	1	22911	untrained
	subj100	1	22911	untrained
	subj100	1	22911	untrained
	subj100	1	22911	untrained
	subj100	1	22911	untrained
	subj100	1	22911	untrained
	subj100	1	22911	untrained
	subj100	1	22911	untrained
	subj100	1	22911	untrained
	subj100	1	22911	untrained
	subj100	1	22911	untrained
	subj100	1	22911	untrained
	subj100	1	22911	untrained
	subj100	1	22911	untrained
	subj100	1	22911	untrained
	subj100	1	22911	untrained
	subj100	1	22911	untrained
	subj100	1	22911	untrained
	subj100	1	22911	untrained
	subj100	1	22911	untrained
	subj100	1	22911	untrained
	subj100	1	22911	untrained
	subj100	1	22911	untrained
	subj100	1	22911	untrained
	subj100	1	22911	untrained
	subj100	1	22911	untrained
	subj100	1	22911	untrained
	subj100	1	22911	untrained
	subj100	1	22911	untrained
	subj100	1	22911	untrained
	subj100	1	22911	untrained
	subj100	1	22911	untrained
	subj100	1	22911	untrained
	subj100	1	22911	untrained
	subj100	1	22911	untrained
0.06222222222222223	subj100	1	12129	untrained
0.06222222222222223	subj100	1	12129	untrained
0.06222222222222223	subj100	1	12129	untrained
-0.09999999999999998	subj100	1	12129	untrained
0.0511111111111111	subj100	1	12129	untrained
0.28	subj100	1	12129	untrained
0.29999999999999993	subj100	1	12129	untrained
-0.14666666666666667	subj100	1	12129	untrained
-0.10222222222222223	subj100	1	12129	untrained
-0.3333333333333333	subj100	1	12129	untrained
0.34444444444444444	subj100	1	12129	untrained
-0.14666666666666667	subj100	1	12129	untrained
-0.16666666666666663	subj100	1	12129	untrained
0.3888888888888889	subj100	1	12129	untrained
0.3888888888888889	subj100	1	12129	untrained
0.29999999999999993	subj100	1	12129	untrained
0.10222222222222223	subj100	1	12129	untrained
0.0511111111111111	subj100	1	12129	untrained
0.3	subj100	1	12129	untrained
0.26	subj100	1	12129	untrained
0.06222222222222223	subj100	1	12129	untrained
0.28	subj100	1	12129	untrained
0.12666666666666668	subj100	1	12129	untrained
0.12666666666666668	subj100	1	12129	untrained
0.3333333333333333	subj100	1	12129	untrained
-0.0511111111111111	subj100	1	12129	untrained
-0.27999999999999997	subj100	1	12129	untrained
-0.0511111111111111	subj100	1	12129	untrained
0.26	subj100	1	12129	untrained
0.3555555555555555	subj100	1	12129	untrained
0.24000000000000002	subj100	1	12129	untrained
0.14666666666666667	subj100	1	12129	untrained
0.12666666666666668	subj100	1	12129	untrained
-0.26	subj100	1	12129	untrained
0.12222222222222222	subj100	1	12129	untrained
0.34444444444444444	subj100	1	12129	untrained
0.3555555555555555	subj100	1	12129	untrained
0.3555555555555555	subj100	1	12129	untrained
0.34444444444444444	subj100	1	12129	untrained
0.34444444444444444	subj100	1	12129	untrained
0.12666666666666668	subj100	1	12129	untrained
0.011111111111111096	subj100	1	12129	untrained
-0.011111111111111096	subj100	1	12129	untrained
0.34444444444444444	subj100	1	12129	untrained
0.3555555555555555	subj100	1	12129	untrained
	subj100	1	12291	untrained
	subj100	1	12291	untrained
	subj100	1	12291	untrained
	subj100	1	12291	untrained
	subj100	1	12291	untrained
	subj100	1	12291	untrained
	subj100	1	12291	untrained
	subj100	1	12291	untrained
	subj100	1	12291	untrained
	subj100	1	12291	untrained
	subj100	1	12291	untrained
	subj100	1	12291	untrained
	subj100	1	12291	untrained
	subj100	1	12291	untrained
	subj100	1	12291	untrained
	subj100	1	12291	untrained
	subj100	1	12291	untrained
	subj100	1	12291	untrained
	subj100	1	12291	untrained
	subj100	1	12291	untrained
	subj100	1	12291	untrained
	subj100	1	12291	untrained
	subj100	1	12291	untrained
	subj100	1	12291	untrained
	subj100	1	12291	untrained
	subj100	1	12291	untrained
	subj100	1	12291	untrained
	subj100	1	12291	untrained
	subj100	1	12291	untrained
	subj100	1	12291	untrained
0.016521739130434778	subj100	2	91211	untrained
0.27652173913043476	subj100	2	91211	untrained
0.21043478260869564	subj100	2	91211	untrained
-0.03304347826086957	subj100	2	91211	untrained
-0.016521739130434778	subj100	2	91211	untrained
0.3095652173913043	subj100	2	91211	untrained
0.3095652173913043	subj100	2	91211	untrained
-0.016521739130434778	subj100	2	91211	untrained
0.22695652173913045	subj100	2	91211	untrained
0.22695652173913045	subj100	2	91211	untrained
-0.016521739130434778	subj100	2	91211	untrained
-0.016521739130434778	subj100	2	91211	untrained
-0.14434782608695654	subj100	2	91211	untrained
-0.14434782608695654	subj100	2	91211	untrained
-0.21043478260869572	subj100	2	91211	untrained
0.21043478260869564	subj100	2	91211	untrained
0.18173913043478263	subj100	2	91211	untrained
0.03304347826086957	subj100	2	91211	untrained
0.3591304347826087	subj100	2	91211	untrained
-0.14434782608695654	subj100	2	91211	untrained
0.18173913043478263	subj100	2	91211	untrained
0.14434782608695654	subj100	2	91211	untrained
0.3756521739130435	subj100	2	91211	untrained
0.21043478260869572	subj100	2	91211	untrained
0.18173913043478263	subj100	2	91211	untrained
0.03304347826086957	subj100	2	91211	untrained
-0.21043478260869572	subj100	2	91211	untrained
-0.21043478260869572	subj100	2	91211	untrained
-0.03304347826086957	subj100	2	91211	untrained
-0.14434782608695654	subj100	2	91211	untrained
-0.016521739130434778	subj100	2	91211	untrained
0.3095652173913043	subj100	2	91211	untrained
0.3591304347826087	subj100	2	91211	untrained
0.3756521739130435	subj100	2	91211	untrained
0.18173913043478263	subj100	2	91211	untrained
0.21043478260869572	subj100	2	91211	untrained
0.3756521739130435	subj100	2	91211	untrained
0.3756521739130435	subj100	2	91211	untrained
0.22695652173913045	subj100	2	91211	untrained
0.27652173913043476	subj100	2	91211	untrained
0.3756521739130435	subj100	2	91211	untrained
0.18173913043478263	subj100	2	91211	untrained
0.3756521739130435	subj100	2	91211	untrained
0.3095652173913043	subj100	2	91211	untrained
0.22695652173913045	subj100	2	91211	untrained
0.18173913043478263	subj100	2	91211	untrained
0.3756521739130435	subj100	2	91211	untrained
0.3756521739130435	subj100	2	91211	untrained
0.3591304347826087	subj100	2	91211	untrained
0.3756521739130435	subj100	2	91211	untrained
-0.0991304347826087	subj100	2	91211	untrained
0.3756521739130435	subj100	2	91211	untrained
0.27652173913043476	subj100	2	91211	untrained
-0.016521739130434778	subj100	2	91211	untrained
0.49130434782608695	subj100	2	91211	untrained
-0.14434782608695654	subj100	2	91211	untrained
0.3591304347826087	subj100	2	91211	untrained
0.3756521739130435	subj100	2	91211	untrained
0.3591304347826087	subj100	2	91211	untrained
0.3591304347826087	subj100	2	91211	untrained
-0.3756521739130435	subj100	2	91211	untrained
0.18173913043478263	subj100	2	91211	untrained
0.3095652173913043	subj100	2	91211	untrained
0.18173913043478263	subj100	2	91211	untrained
-0.016521739130434778	subj100	2	91211	untrained
0.18173913043478263	subj100	2	91211	untrained
-0.016521739130434778	subj100	2	91211	untrained
0.18173913043478263	subj100	2	91211	untrained
-0.016521739130434778	subj100	2	91211	untrained
0.3095652173913043	subj100	2	91211	untrained
0.3756521739130435	subj100	2	91211	untrained
0.18173913043478263	subj100	2	91211	untrained
0.18173913043478263	subj100	2	91211	untrained
-0.0991304347826087	subj100	2	91211	untrained
0.21043478260869572	subj100	2	91211	untrained
0.3095652173913043	subj100	2	91211	untrained
0.3591304347826087	subj100	2	91211	untrained
0.0991304347826087	subj100	2	91211	untrained
0.49130434782608695	subj100	2	91211	untrained
0.13478260869565217	subj100	2	91211	untrained
0.34782608695652173	subj100	2	91211	untrained
0.18173913043478263	subj100	2	91211	untrained
0.14434782608695654	subj100	2	91211	untrained
0.3756521739130435	subj100	2	91211	untrained
-0.0991304347826087	subj100	2	91211	untrained
-0.49130434782608695	subj100	2	91211	untrained
0.18173913043478263	subj100	2	91211	untrained
0.3591304347826087	subj100	2	91211	untrained
0.21043478260869564	subj100	2	91211	untrained
-0.0991304347826087	subj100	2	91211	untrained
0.21043478260869572	subj100	2	91211	untrained
0.18173913043478263	subj100	2	91211	untrained
0.0991304347826087	subj100	2	91211	untrained
0.34782608695652173	subj100	2	91211	untrained
-0.13478260869565217	subj100	2	91211	untrained
0.3095652173913043	subj100	2	91211	untrained
0.3095652173913043	subj100	2	91211	untrained
0.3095652173913043	subj100	2	91211	untrained
0.3591304347826087	subj100	2	91211	untrained
0.14434782608695654	subj100	2	91211	untrained
-0.34782608695652173	subj100	2	91211	untrained
0.016521739130434778	subj100	2	91211	untrained
0.03304347826086957	subj100	2	91211	untrained
0.03304347826086957	subj100	2	91211	untrained
0.18173913043478263	subj100	2	91211	untrained
0.03304347826086957	subj100	2	91211	untrained
0.22695652173913045	subj100	2	91211	untrained
0.3095652173913043	subj100	2	91211	untrained
-0.18173913043478263	subj100	2	91211	untrained
0.21043478260869564	subj100	2	91211	untrained
0.18173913043478263	subj100	2	91211	untrained
0.3095652173913043	subj100	2	91211	untrained
0.3095652173913043	subj100	2	91211	untrained
0.3756521739130435	subj100	2	91211	untrained
0.3095652173913043	subj100	2	91211	untrained
	subj100	2	92122	untrained
	subj100	2	92122	untrained
	subj100	2	92122	untrained
	subj100	2	92122	untrained
	subj100	2	92122	untrained
	subj100	2	92122	untrained
	subj100	2	92122	untrained
	subj100	2	92122	untrained
	subj100	2	92122	untrained
	subj100	2	92122	untrained
	subj100	2	92122	untrained
	subj100	2	92122	untrained
	subj100	2	92122	untrained
	subj100	2	92122	untrained
	subj100	2	92122	untrained
	subj100	2	92122	untrained
	subj100	2	92122	untrained
	subj100	2	92122	untrained
	subj100	2	92122	untrained
	subj100	2	92122	untrained
	subj100	2	92122	untrained
	subj100	2	92122	untrained
	subj100	2	92122	untrained
	subj100	2	92122	untrained
	subj100	2	92122	untrained
	subj100	2	92122	untrained
	subj100	2	92122	untrained
	subj100	2	92122	untrained
	subj100	2	92122	untrained
	subj100	2	92122	untrained
	subj100	2	92122	untrained
	subj100	2	92122	untrained
	subj100	2	92122	untrained
	subj100	2	92122	untrained
	subj100	2	92122	untrained
	subj100	2	92122	untrained
	subj100	2	92122	untrained
	subj100	2	92122	untrained
	subj100	2	92122	untrained
	subj100	2	92122	untrained
	subj100	2	92122	untrained
	subj100	2	92122	untrained
	subj100	2	92122	untrained
	subj100	2	92122	untrained
	subj100	2	92122	untrained
	subj100	2	92122	untrained
	subj100	2	92122	untrained
	subj100	2	92122	untrained
	subj100	2	92122	untrained
	subj100	2	92122	untrained
	subj100	2	92122	untrained
	subj100	2	92122	untrained
	subj100	2	92122	untrained
	subj100	2	92122	untrained
	subj100	2	92122	untrained
	subj100	2	92122	untrained
	subj100	2	92122	untrained
	subj100	2	92122	untrained
	subj100	2	92122	untrained
	subj100	2	92122	untrained
	subj100	2	92122	untrained
	subj100	2	92122	untrained
	subj100	2	92122	untrained
	subj100	2	92122	untrained
	subj100	2	92122	untrained
	subj100	2	92122	untrained
	subj100	2	92122	untrained
	subj100	2	92122	untrained
	subj100	2	92122	untrained
	subj100	2	92122	untrained
	subj100	2	92122	untrained
	subj100	2	92122	untrained
	subj100	2	92122	untrained
	subj100	2	92122	untrained
	subj100	2	92122	untrained
	subj100	2	92122	untrained
	subj100	2	92122	untrained
	subj100	2	92122	untrained
	subj100	2	92122	untrained
	subj100	2	92122	untrained
	subj100	2	92122	untrained
	subj100	2	92122	untrained
	subj100	2	92122	untrained
	subj100	2	92122	untrained
	subj100	2	92122	untrained
	subj100	2	92122	untrained
	subj100	2	92122	untrained
	subj100	2	92122	untrained
	subj100	2	92122	untrained
	subj100	2	92122	untrained
	subj100	2	92122	untrained
	subj100	2	92122	untrained
	subj100	2	92122	untrained
	subj100	2	92122	untrained
	subj100	2	92122	untrained
	subj100	2	92122	untrained
	subj100	2	92122	untrained
	subj100	2	92122	untrained
	subj100	2	92122	untrained
	subj100	2	92122	untrained
	subj100	2	92122	untrained
	subj100	2	92122	untrained
	subj100	2	92122	untrained
	subj100	2	92122	untrained
	subj100	2	92122	untrained
	subj100	2	92122	untrained
	subj100	2	92122	untrained
	subj100	2	92122	untrained
	subj100	2	92122	untrained
	subj100	2	92122	untrained
	subj100	2	92122	untrained
	subj100	2	92122	untrained
	subj100	2	92122	untrained
	subj100	2	92122	untrained
	subj100	2	92122	untrained
	subj100	2	92122	untrained
	subj100	2	92122	untrained
	subj100	2	92122	untrained
	subj100	2	92122	untrained
	subj100	2	92122	untrained
	subj100	2	92122	untrained
	subj100	2	92122	untrained
	subj100	2	92122	untrained
	subj100	2	92122	untrained
	subj100	2	92122	untrained
	subj100	2	92122	untrained
	subj100	2	92122	untrained
	subj100	2	92122	untrained
	subj100	2	92122	untrained
	subj100	2	92122	untrained
0.3247058823529412	subj100	2	29212	untrained
0.28941176470588237	subj100	2	29212	untrained
-0.07764705882352943	subj100	2	29212	untrained
-0.3247058823529412	subj100	2	29212	untrained
-0.07764705882352943	subj100	2	29212	untrained
0.1623529411764706	subj100	2	29212	untrained
0.07764705882352943	subj100	2	29212	untrained
-0.20470588235294115	subj100	2	29212	untrained
0.1623529411764706	subj100	2	29212	untrained
0.07764705882352943	subj100	2	29212	untrained
0.2529411764705882	subj100	2	29212	untrained
0.2529411764705882	subj100	2	29212	untrained
-0.2529411764705882	subj100	2	29212	untrained
-0.18235294117647058	subj100	2	29212	untrained
0.2529411764705882	subj100	2	29212	untrained
0.43529411764705883	subj100	2	29212	untrained
0.1623529411764706	subj100	2	29212	untrained
-0.28941176470588237	subj100	2	29212	untrained
0.1623529411764706	subj100	2	29212	untrained
0.4094117647058823	subj100	2	29212	untrained
0.1623529411764706	subj100	2	29212	untrained
0.1623529411764706	subj100	2	29212	untrained
0.20470588235294115	subj100	2	29212	untrained
0.4094117647058823	subj100	2	29212	untrained
-0.3247058823529412	subj100	2	29212	untrained
0.18235294117647058	subj100	2	29212	untrained
0.1623529411764706	subj100	2	29212	untrained
-0.4094117647058823	subj100	2	29212	untrained
-0.20470588235294115	subj100	2	29212	untrained
0.4094117647058824	subj100	2	29212	untrained
0.2529411764705882	subj100	2	29212	untrained
0.4094117647058823	subj100	2	29212	untrained
0.4094117647058823	subj100	2	29212	untrained
0.4094117647058824	subj100	2	29212	untrained
0.28941176470588237	subj100	2	29212	untrained
0.43529411764705883	subj100	2	29212	untrained
0.43529411764705883	subj100	2	29212	untrained
0.43529411764705883	subj100	2	29212	untrained
0.2529411764705882	subj100	2	29212	untrained
0.2529411764705882	subj100	2	29212	untrained
0.1623529411764706	subj100	2	29212	untrained
0.43529411764705883	subj100	2	29212	untrained
0.2529411764705882	subj100	2	29212	untrained
0.43529411764705883	subj100	2	29212	untrained
0.2529411764705882	subj100	2	29212	untrained
0.43529411764705883	subj100	2	29212	untrained
0.28941176470588237	subj100	2	29212	untrained
-0.20470588235294115	subj100	2	29212	untrained
0.28941176470588237	subj100	2	29212	untrained
0.4094117647058824	subj100	2	29212	untrained
0.43529411764705883	subj100	2	29212	untrained
0.28941176470588237	subj100	2	29212	untrained
-0.28941176470588237	subj100	2	29212	untrained
0.1623529411764706	subj100	2	29212	untrained
0.28941176470588237	subj100	2	29212	untrained
0.1623529411764706	subj100	2	29212	untrained
0.43529411764705883	subj100	2	29212	untrained
0.2529411764705882	subj100	2	29212	untrained
-0.18235294117647058	subj100	2	29212	untrained
0.43529411764705883	subj100	2	29212	untrained
0.2529411764705882	subj100	2	29212	untrained
0.43529411764705883	subj100	2	29212	untrained
0.2529411764705882	subj100	2	29212	untrained
0.43529411764705883	subj100	2	29212	untrained
-0.2529411764705882	subj100	2	29212	untrained
0.2529411764705882	subj100	2	29212	untrained
0.43529411764705883	subj100	2	29212	untrained
0.3247058823529412	subj100	2	29212	untrained
0.43529411764705883	subj100	2	29212	untrained
0.43529411764705883	subj100	2	29212	untrained
-0.43529411764705883	subj100	2	29212	untrained
0.2529411764705882	subj100	2	29212	untrained
0.43529411764705883	subj100	2	29212	untrained
0.43529411764705883	subj100	2	29212	untrained
0.43529411764705883	subj100	2	29212	untrained
0.43529411764705883	subj100	2	29212	untrained
-0.1623529411764706	subj100	2	29212	untrained
-0.28941176470588237	subj100	2	29212	untrained
-0.4094117647058823	subj100	2	29212	untrained
0.3247058823529412	subj100	2	29212	untrained
0.43529411764705883	subj100	2	29212	untrained
0.28941176470588237	subj100	2	29212	untrained
0.4094117647058823	subj100	2	29212	untrained
-0.28941176470588237	subj100	2	29212	untrained
0.4094117647058824	subj100	2	29212	untrained
	subj100	2	22911	untrained
	subj100	2	22911	untrained
	subj100	2	22911	untrained
	subj100	2	22911	untrained
	subj100	2	22911	untrained
	subj100	2	22911	untrained
	subj100	2	22911	untrained
	subj100	2	22911	untrained
	subj100	2	22911	untrained
	subj100	2	22911	untrained
	subj100	2	22911	untrained
	subj100	2	22911	untrained
	subj100	2	22911	untrained
	subj100	2	22911	untrained
	subj100	2	22911	untrained
	subj100	2	22911	untrained
	subj100	2	22911	untrained
	subj100	2	22911	untrained
	subj100	2	22911	untrained
	subj100	2	22911	untrained
	subj100	2	22911	untrained
	subj100	2	22911	untrained
	subj100	2	22911	untrained
	subj100	2	22911	untrained
	subj100	2	22911	untrained
	subj100	2	22911	untrained
	subj100	2	22911	untrained
	subj100	2	22911	untrained
	subj100	2	22911	untrained
	subj100	2	22911	untrained
	subj100	2	22911	untrained
	subj100	2	22911	untrained
	subj100	2	22911	untrained
	subj100	2	22911	untrained
	subj100	2	22911	untrained
	subj100	2	22911	untrained
	subj100	2	22911	untrained
	subj100	2	22911	untrained
	subj100	2	22911	untrained
	subj100	2	22911	untrained
	subj100	2	22911	untrained
	subj100	2	22911	untrained
	subj100	2	22911	untrained
	subj100	2	22911	untrained
	subj100	2	22911	untrained
	subj100	2	22911	untrained
	subj100	2	22911	untrained
	subj100	2	22911	untrained
	subj100	2	22911	untrained
	subj100	2	22911	untrained
	subj100	2	22911	untrained
	subj100	2	22911	untrained
	subj100	2	22911	untrained
	subj100	2	22911	untrained
	subj100	2	22911	untrained
	subj100	2	22911	untrained
	subj100	2	22911	untrained
	subj100	2	22911	untrained
	subj100	2	22911	untrained
	subj100	2	22911	untrained
	subj100	2	22911	untrained
	subj100	2	22911	untrained
	subj100	2	22911	untrained
	subj100	2	22911	untrained
	subj100	2	22911	untrained
	subj100	2	22911	untrained
	subj100	2	22911	untrained
	subj100	2	22911	untrained
	subj100	2	22911	untrained
	subj100	2	22911	untrained
	subj100	2	22911	untrained
	subj100	2	22911	untrained
	subj100	2	22911	untrained
	subj100	2	22911	untrained
	subj100	2	22911	untrained
	subj100	2	22911	untrained
	subj100	2	22911	untrained
	subj100	2	22911	untrained
	subj100	2	22911	untrained
	subj100	2	22911	untrained
	subj100	2	22911	untrained
	subj100	2	22911	untrained
	subj100	2	22911	untrained
	subj100	2	22911	untrained
	subj100	2	22911	untrained
	subj100	2	22911	untrained
	subj100	2	22911	untrained
	subj100	2	22911	untrained
	subj100	2	22911	untrained
	subj100	2	22911	untrained
	subj100	2	22911	untrained
	subj100	2	22911	untrained
	subj100	2	22911	untrained
	subj100	2	22911	untrained
	subj100	2	22911	untrained
	subj100	2	22911	untrained
	subj100	2	22911	untrained
	subj100	2	22911	untrained
	subj100	2	22911	untrained
	subj100	2	22911	untrained
	subj100	2	22911	untrained
	subj100	2	22911	untrained
	subj100	2	22911	untrained
	subj100	2	22911	untrained
	subj100	2	22911	untrained
	subj100	2	22911	untrained
	subj100	2	22911	untrained
	subj100	2	22911	untrained
	subj100	2	22911	untrained
	subj100	2	22911	untrained
	subj100	2	22911	untrained
	subj100	2	22911	untrained
	subj100	2	22911	untrained
	subj100	2	22911	untrained
	subj100	2	22911	untrained
	subj100	2	22911	untrained
	subj100	2	22911	untrained
	subj100	2	22911	untrained
	subj100	2	22911	untrained
	subj100	2	22911	untrained
0.5411111111111111	subj100	3	91211	untrained
0.36666666666666664	subj100	3	91211	untrained
0.34222222222222226	subj100	3	91211	untrained
0.36777777777777787	subj100	3	91211	untrained
0.17666666666666672	subj100	3	91211	untrained
0.5322222222222222	subj100	3	91211	untrained
0.34222222222222226	subj100	3	91211	untrained
0.36666666666666664	subj100	3	91211	untrained
0.16666666666666666	subj100	3	91211	untrained
0.5322222222222222	subj100	3	91211	untrained
0.36666666666666664	subj100	3	91211	untrained
0.5322222222222222	subj100	3	91211	untrained
0.5322222222222222	subj100	3	91211	untrained
0.36666666666666664	subj100	3	91211	untrained
0.5411111111111111	subj100	3	91211	untrained
0.5322222222222222	subj100	3	91211	untrained
0.5322222222222222	subj100	3	91211	untrained
0.36777777777777787	subj100	3	91211	untrained
0.5322222222222222	subj100	3	91211	untrained
0.5322222222222222	subj100	3	91211	untrained
0.36555555555555547	subj100	3	91211	untrained
0.17555555555555558	subj100	3	91211	untrained
-0.19333333333333338	subj100	3	91211	untrained
0.5322222222222222	subj100	3	91211	untrained
0.5411111111111111	subj100	3	91211	untrained
0.19333333333333338	subj100	3	91211	untrained
0.36555555555555547	subj100	3	91211	untrained
0.5322222222222222	subj100	3	91211	untrained
0.17555555555555558	subj100	3	91211	untrained
0.36777777777777787	subj100	3	91211	untrained
0.5322222222222222	subj100	3	91211	untrained
0.5411111111111111	subj100	3	91211	untrained
0.19222222222222227	subj100	3	91211	untrained
-0.36666666666666664	subj100	3	91211	untrained
0.36555555555555547	subj100	3	91211	untrained
0.5322222222222222	subj100	3	91211	untrained
0.5322222222222222	subj100	3	91211	untrained
-0.5322222222222222	subj100	3	91211	untrained
0.36666666666666664	subj100	3	91211	untrained
-0.17555555555555558	subj100	3	91211	untrained
0.5322222222222222	subj100	3	91211	untrained
0.20222222222222222	subj100	3	91211	untrained
0.6722222222222223	subj100	3	91211	untrained
-0.16666666666666666	subj100	3	91211	untrained
0.6722222222222223	subj100	3	91211	untrained
0.5322222222222222	subj100	3	91211	untrained
0.19333333333333338	subj100	3	91211	untrained
0.5322222222222222	subj100	3	91211	untrained
0.20222222222222222	subj100	3	91211	untrained
0.19333333333333338	subj100	3	91211	untrained
0.5411111111111111	subj100	3	91211	untrained
0.5411111111111111	subj100	3	91211	untrained
0.19222222222222227	subj100	3	91211	untrained
0.36666666666666664	subj100	3	91211	untrained
0.19333333333333338	subj100	3	91211	untrained
0.5322222222222222	subj100	3	91211	untrained
0.36666666666666664	subj100	3	91211	untrained
0.36666666666666664	subj100	3	91211	untrained
0.19333333333333338	subj100	3	91211	untrained
0.5411111111111111	subj100	3	91211	untrained
0.5411111111111111	subj100	3	91211	untrained
0.5411111111111111	subj100	3	91211	untrained
0.17555555555555558	subj100	3	91211	untrained
-0.19333333333333338	subj100	3	91211	untrained
0.17555555555555558	subj100	3	91211	untrained
0.36777777777777787	subj100	3	91211	untrained
0.36555555555555547	subj100	3	91211	untrained
0.6722222222222223	subj100	3	91211	untrained
-0.19222222222222227	subj100	3	91211	untrained
0.5322222222222222	subj100	3	91211	untrained
0.5322222222222222	subj100	3	91211	untrained
0.36555555555555547	subj100	3	91211	untrained
-0.07777777777777778	subj100	3	91211	untrained
0.17555555555555558	subj100	3	91211	untrained
0.36555555555555547	subj100	3	91211	untrained
0.36666666666666664	subj100	3	91211	untrained
0.19222222222222227	subj100	3	91211	untrained
0.36666666666666664	subj100	3	91211	untrained
0.36666666666666664	subj100	3	91211	untrained
-0.17666666666666672	subj100	3	91211	untrained
0.17555555555555558	subj100	3	91211	untrained
0.36555555555555547	subj100	3	91211	untrained
-0.19333333333333338	subj100	3	91211	untrained
0.36555555555555547	subj100	3	91211	untrained
0.36555555555555547	subj100	3	91211	untrained
0.17555555555555558	subj100	3	91211	untrained
0.19333333333333338	subj100	3	91211	untrained
0.5322222222222222	subj100	3	91211	untrained
0.36666666666666664	subj100	3	91211	untrained
0.36666666666666664	subj100	3	91211	untrained
0.4066666666666667	subj100	3	92122	untrained
0.35111111111111115	subj100	3	92122	untrained
0.33111111111111113	subj100	3	92122	untrained
0.4066666666666667	subj100	3	92122	untrained
0.4066666666666667	subj100	3	92122	untrained
0.4066666666666667	subj100	3	92122	untrained
0.4066666666666667	subj100	3	92122	untrained
0.36666666666666675	subj100	3	92122	untrained
0.33111111111111113	subj100	3	92122	untrained
0.4066666666666667	subj100	3	92122	untrained
0.37111111111111117	subj100	3	92122	untrained
0.36666666666666675	subj100	3	92122	untrained
0.35111111111111115	subj100	3	92122	untrained
0.36666666666666675	subj100	3	92122	untrained
0.35111111111111115	subj100	3	92122	untrained
0.33111111111111113	subj100	3	92122	untrained
0.33111111111111113	subj100	3	92122	untrained
0.36666666666666675	subj100	3	92122	untrained
0.37111111111111117	subj100	3	92122	untrained
0.4066666666666667	subj100	3	92122	untrained
0.08444444444444445	subj100	3	92122	untrained
0.4066666666666667	subj100	3	92122	untrained
0.35111111111111115	subj100	3	92122	untrained
0.4066666666666667	subj100	3	92122	untrained
0.36666666666666675	subj100	3	92122	untrained
0.33111111111111113	subj100	3	92122	untrained
-0.33111111111111113	subj100	3	92122	untrained
-0.16444444444444445	subj100	3	92122	untrained
0.11777777777777781	subj100	3	92122	untrained
0.11777777777777781	subj100	3	92122	untrained
0.11777777777777781	subj100	3	92122	untrained
-0.36666666666666675	subj100	3	92122	untrained
0.5055555555555555	subj100	3	92122	untrained
0.4066666666666667	subj100	3	92122	untrained
0.4066666666666667	subj100	3	92122	untrained
0.36666666666666675	subj100	3	92122	untrained
0.4066666666666667	subj100	3	92122	untrained
-0.5055555555555555	subj100	3	92122	untrained
-0.044444444444444446	subj100	3	92122	untrained
-0.15777777777777777	subj100	3	92122	untrained
0.36666666666666675	subj100	3	92122	untrained
0.5055555555555555	subj100	3	92122	untrained
-0.5055555555555555	subj100	3	92122	untrained
0.5055555555555555	subj100	3	92122	untrained
0.46111111111111114	subj100	3	92122	untrained
0.4066666666666667	subj100	3	92122	untrained
0.08444444444444445	subj100	3	92122	untrained
0.5055555555555555	subj100	3	92122	untrained
0.5055555555555555	subj100	3	92122	untrained
-0.044444444444444446	subj100	3	92122	untrained
0.38666666666666666	subj100	3	92122	untrained
0.4066666666666667	subj100	3	92122	untrained
0.5055555555555555	subj100	3	92122	untrained
0.5055555555555555	subj100	3	92122	untrained
0.35111111111111115	subj100	3	92122	untrained
0.4066666666666667	subj100	3	92122	untrained
0.4066666666666667	subj100	3	92122	untrained
0.33111111111111113	subj100	3	92122	untrained
0.38666666666666666	subj100	3	92122	untrained
0.38666666666666666	subj100	3	92122	untrained
0.4066666666666667	subj100	3	92122	untrained
0.15777777777777777	subj100	3	92122	untrained
0.5055555555555555	subj100	3	92122	untrained
0.5055555555555555	subj100	3	92122	untrained
0.08444444444444445	subj100	3	92122	untrained
0.4066666666666667	subj100	3	92122	untrained
0.15777777777777777	subj100	3	92122	untrained
-0.4066666666666667	subj100	3	92122	untrained
0.15777777777777777	subj100	3	92122	untrained
-0.16444444444444445	subj100	3	92122	untrained
0.36666666666666675	subj100	3	92122	untrained
0.37111111111111117	subj100	3	92122	untrained
0.044444444444444446	subj100	3	92122	untrained
0.5055555555555555	subj100	3	92122	untrained
-0.46111111111111114	subj100	3	92122	untrained
0.08444444444444445	subj100	3	92122	untrained
0.15777777777777777	subj100	3	92122	untrained
0.15777777777777777	subj100	3	92122	untrained
-0.08444444444444445	subj100	3	92122	untrained
-0.08444444444444445	subj100	3	92122	untrained
-0.36666666666666675	subj100	3	92122	untrained
0.33111111111111113	subj100	3	92122	untrained
-0.33111111111111113	subj100	3	92122	untrained
0.37111111111111117	subj100	3	92122	untrained
-0.36666666666666675	subj100	3	92122	untrained
0.36666666666666675	subj100	3	92122	untrained
0.4066666666666667	subj100	3	92122	untrained
0.044444444444444446	subj100	3	92122	untrained
0.36666666666666675	subj100	3	92122	untrained
0.36666666666666675	subj100	3	92122	untrained
	subj100	3	29212	untrained
	subj100	3	29212	untrained
	subj100	3	29212	untrained
	subj100	3	29212	untrained
	subj100	3	29212	untrained
	subj100	3	29212	untrained
	subj100	3	29212	untrained
	subj100	3	29212	untrained
	subj100	3	29212	untrained
	subj100	3	29212	untrained
	subj100	3	29212	untrained
	subj100	3	29212	untrained
	subj100	3	29212	untrained
	subj100	3	29212	untrained
	subj100	3	29212	untrained
	subj100	3	29212	untrained
	subj100	3	29212	untrained
	subj100	3	29212	untrained
	subj100	3	29212	untrained
	subj100	3	29212	untrained
	subj100	3	29212	untrained
	subj100	3	29212	untrained
	subj100	3	29212	untrained
	subj100	3	29212	untrained
	subj100	3	29212	untrained
	subj100	3	29212	untrained
	subj100	3	29212	untrained
	subj100	3	29212	untrained
	subj100	3	29212	untrained
	subj100	3	29212	untrained
	subj100	3	29212	untrained
	subj100	3	29212	untrained
	subj100	3	29212	untrained
	subj100	3	29212	untrained
	subj100	3	29212	untrained
	subj100	3	29212	untrained
	subj100	3	29212	untrained
	subj100	3	29212	untrained
	subj100	3	29212	untrained
	subj100	3	29212	untrained
	subj100	3	29212	untrained
	subj100	3	29212	untrained
	subj100	3	29212	untrained
	subj100	3	29212	untrained
	subj100	3	29212	untrained
	subj100	3	29212	untrained
	subj100	3	29212	untrained
	subj100	3	29212	untrained
	subj100	3	29212	untrained
	subj100	3	29212	untrained
	subj100	3	29212	untrained
	subj100	3	29212	untrained
	subj100	3	29212	untrained
	subj100	3	29212	untrained
	subj100	3	29212	untrained
	subj100	3	29212	untrained
	subj100	3	29212	untrained
	subj100	3	29212	untrained
	subj100	3	29212	untrained
	subj100	3	29212	untrained
	subj100	3	29212	untrained
	subj100	3	29212	untrained
	subj100	3	29212	untrained
	subj100	3	29212	untrained
	subj100	3	29212	untrained
	subj100	3	29212	untrained
	subj100	3	29212	untrained
	subj100	3	29212	untrained
	subj100	3	29212	untrained
	subj100	3	29212	untrained
	subj100	3	29212	untrained
	subj100	3	29212	untrained
	subj100	3	29212	untrained
	subj100	3	29212	untrained
	subj100	3	29212	untrained
	subj100	3	29212	untrained
	subj100	3	29212	untrained
	subj100	3	29212	untrained
	subj100	3	29212	untrained
	subj100	3	29212	untrained
	subj100	3	29212	untrained
	subj100	3	29212	untrained
	subj100	3	29212	untrained
	subj100	3	29212	untrained
	subj100	3	29212	untrained
	subj100	3	29212	untrained
	subj100	3	29212	untrained
	subj100	3	29212	untrained
	subj100	3	29212	untrained
	subj100	3	29212	untrained
	subj100	3	29212	untrained
	subj100	3	29212	untrained
	subj100	3	29212	untrained
	subj100	3	29212	untrained
	subj100	3	29212	untrained
	subj100	3	29212	untrained
	subj100	3	29212	untrained
	subj100	3	29212	untrained
	subj100	3	29212	untrained
	subj100	3	29212	untrained
	subj100	3	29212	untrained
	subj100	3	29212	untrained
	subj100	3	29212	untrained
	subj100	3	29212	untrained
	subj100	3	29212	untrained
	subj100	3	29212	untrained
	subj100	3	29212	untrained
	subj100	3	29212	untrained
	subj100	3	29212	untrained
	subj100	3	29212	untrained
	subj100	3	29212	untrained
	subj100	3	29212	untrained
	subj100	3	29212	untrained
	subj100	3	29212	untrained
	subj100	3	29212	untrained
	subj100	3	29212	untrained
	subj100	3	29212	untrained
	subj100	3	29212	untrained
	subj100	3	29212	untrained
	subj100	3	29212	untrained
	subj100	3	29212	untrained
	subj100	3	29212	untrained
	subj100	3	29212	untrained
	subj100	3	29212	untrained
	subj100	3	29212	untrained
0.24421052631578946	subj100	3	22911	untrained
0.37473684210526315	subj100	3	22911	untrained
0.37473684210526315	subj100	3	22911	untrained
0.3347368421052632	subj100	3	22911	untrained
0.13473684210526318	subj100	3	22911	untrained
0.4357894736842105	subj100	3	22911	untrained
0.37473684210526315	subj100	3	22911	untrained
0.4357894736842105	subj100	3	22911	untrained
0.24421052631578946	subj100	3	22911	untrained
0.4442105263157895	subj100	3	22911	untrained
0.4357894736842105	subj100	3	22911	untrained
0.4357894736842105	subj100	3	22911	untrained
0.4357894736842105	subj100	3	22911	untrained
0.3347368421052632	subj100	3	22911	untrained
0.37473684210526315	subj100	3	22911	untrained
0.4357894736842105	subj100	3	22911	untrained
0.4357894736842105	subj100	3	22911	untrained
0.4442105263157895	subj100	3	22911	untrained
0.4357894736842105	subj100	3	22911	untrained
0.22631578947368422	subj100	3	22911	untrained
0.24421052631578946	subj100	3	22911	untrained
0.37473684210526315	subj100	3	22911	untrained
-0.17368421052631575	subj100	3	22911	untrained
0.24421052631578946	subj100	3	22911	untrained
-0.27578947368421053	subj100	3	22911	untrained
0.4357894736842105	subj100	3	22911	untrained
0.5052631578947369	subj100	3	22911	untrained
0.22631578947368422	subj100	3	22911	untrained
0.5052631578947369	subj100	3	22911	untrained
0.5052631578947369	subj100	3	22911	untrained
0.24421052631578946	subj100	3	22911	untrained
0.5052631578947369	subj100	3	22911	untrained
-0.22631578947368422	subj100	3	22911	untrained
0.5052631578947369	subj100	3	22911	untrained
-0.26842105263157895	subj100	3	22911	untrained
0.4442105263157895	subj100	3	22911	untrained
0.17368421052631575	subj100	3	22911	untrained
-0.27578947368421053	subj100	3	22911	untrained
-0.18315789473684213	subj100	3	22911	untrained
-0.21473684210526314	subj100	3	22911	untrained
0.4357894736842105	subj100	3	22911	untrained
0.17473684210526316	subj100	3	22911	untrained
-0.24421052631578946	subj100	3	22911	untrained
0.33157894736842103	subj100	3	22911	untrained
0.17368421052631575	subj100	3	22911	untrained
0.4442105263157895	subj100	3	22911	untrained
0.5052631578947369	subj100	3	22911	untrained
0.5052631578947369	subj100	3	22911	untrained
-0.5052631578947369	subj100	3	22911	untrained
-0.22631578947368422	subj100	3	22911	untrained
0.37473684210526315	subj100	3	22911	untrained
-0.5052631578947369	subj100	3	22911	untrained
0.22631578947368422	subj100	3	22911	untrained
0.5052631578947369	subj100	3	22911	untrained
-0.5052631578947369	subj100	3	22911	untrained
0.4442105263157895	subj100	3	22911	untrained
0.26842105263157895	subj100	3	22911	untrained
0.22631578947368422	subj100	3	22911	untrained
-0.26842105263157895	subj100	3	22911	untrained
0.22631578947368422	subj100	3	22911	untrained
0.4442105263157895	subj100	3	22911	untrained
0.22631578947368422	subj100	3	22911	untrained
-0.26842105263157895	subj100	3	22911	untrained
0.5052631578947369	subj100	3	22911	untrained
0.26842105263157895	subj100	3	22911	untrained
0.24421052631578946	subj100	3	22911	untrained
0.26842105263157895	subj100	3	22911	untrained
0.5052631578947369	subj100	3	22911	untrained
0.22631578947368422	subj100	3	22911	untrained
0.26842105263157895	subj100	3	22911	untrained
0.4442105263157895	subj100	3	22911	untrained
0.37473684210526315	subj100	3	22911	untrained
-0.26842105263157895	subj100	3	22911	untrained
0.5052631578947369	subj100	3	22911	untrained
-0.26842105263157895	subj100	3	22911	untrained
0.4442105263157895	subj100	3	22911	untrained
0.22631578947368422	subj100	3	22911	untrained
0.22631578947368422	subj100	3	22911	untrained
0.22631578947368422	subj100	3	22911	untrained
0.22631578947368422	subj100	3	22911	untrained
0.4442105263157895	subj100	3	22911	untrained
0.4442105263157895	subj100	3	22911	untrained
-0.16631578947368422	subj100	3	22911	untrained
-0.3473684210526316	subj100	3	22911	untrained
-0.27578947368421053	subj100	3	22911	untrained
0.24421052631578946	subj100	3	22911	untrained
0.22631578947368422	subj100	3	22911	untrained
0.5052631578947369	subj100	3	22911	untrained
0.5052631578947369	subj100	3	22911	untrained
0.22631578947368422	subj100	3	22911	untrained
0.4442105263157895	subj100	3	22911	untrained
0.26842105263157895	subj100	3	22911	untrained
0.26842105263157895	subj100	3	22911	untrained
0.26842105263157895	subj100	3	22911	untrained
-0.22631578947368422	subj100	3	22911	untrained
0.68	subj100	4	91211	untrained
0.7157894736842105	subj100	4	91211	untrained
0.48000000000000004	subj100	4	91211	untrained
0.7157894736842105	subj100	4	91211	untrained
0.551578947368421	subj100	4	91211	untrained
0.551578947368421	subj100	4	91211	untrained
-0.48000000000000004	subj100	4	91211	untrained
0.7157894736842105	subj100	4	91211	untrained
0.7157894736842105	subj100	4	91211	untrained
0.7157894736842105	subj100	4	91211	untrained
0.7157894736842105	subj100	4	91211	untrained
0.551578947368421	subj100	4	91211	untrained
0.48000000000000004	subj100	4	91211	untrained
0.68	subj100	4	91211	untrained
0.551578947368421	subj100	4	91211	untrained
0.7157894736842105	subj100	4	91211	untrained
0.48000000000000004	subj100	4	91211	untrained
0.7157894736842105	subj100	4	91211	untrained
0.7157894736842105	subj100	4	91211	untrained
0.7157894736842105	subj100	4	91211	untrained
0.48000000000000004	subj100	4	91211	untrained
0.11368421052631579	subj100	4	91211	untrained
0.48000000000000004	subj100	4	91211	untrained
0.48000000000000004	subj100	4	91211	untrained
0.7157894736842105	subj100	4	91211	untrained
0.7157894736842105	subj100	4	91211	untrained
0.7157894736842105	subj100	4	91211	untrained
0.7157894736842105	subj100	4	91211	untrained
0.48000000000000004	subj100	4	91211	untrained
0.68	subj100	4	91211	untrained
0.551578947368421	subj100	4	91211	untrained
0.48000000000000004	subj100	4	91211	untrained
0.48000000000000004	subj100	4	91211	untrained
0.68	subj100	4	91211	untrained
0.7157894736842105	subj100	4	91211	untrained
0.551578947368421	subj100	4	91211	untrained
0.68	subj100	4	91211	untrained
0.7157894736842105	subj100	4	91211	untrained
0.7157894736842105	subj100	4	91211	untrained
0.7157894736842105	subj100	4	91211	untrained
0.28631578947368425	subj100	4	91211	untrained
0.45052631578947355	subj100	4	91211	untrained
0.7157894736842105	subj100	4	91211	untrained
0.68	subj100	4	91211	untrained
0.45052631578947355	subj100	4	91211	untrained
0.68	subj100	4	91211	untrained
0.17894736842105272	subj100	4	91211	untrained
0.48000000000000004	subj100	4	91211	untrained
0.7157894736842105	subj100	4	91211	untrained
0.7157894736842105	subj100	4	91211	untrained
-0.17894736842105272	subj100	4	91211	untrained
0.7157894736842105	subj100	4	91211	untrained
-0.551578947368421	subj100	4	91211	untrained
0.7157894736842105	subj100	4	91211	untrained
0.7157894736842105	subj100	4	91211	untrained
0.7157894736842105	subj100	4	91211	untrained
0.37894736842105253	subj100	4	91211	untrained
0.68	subj100	4	91211	untrained
0.68	subj100	4	91211	untrained
0.551578947368421	subj100	4	91211	untrained
0.7157894736842105	subj100	4	91211	untrained
0.3157894736842105	subj100	4	91211	untrained
-0.28631578947368425	subj100	4	91211	untrained
0.48000000000000004	subj100	4	91211	untrained
0.48000000000000004	subj100	4	91211	untrained
0.551578947368421	subj100	4	91211	untrained
0.37894736842105253	subj100	4	91211	untrained
0.37894736842105253	subj100	4	91211	untrained
0.48000000000000004	subj100	4	91211	untrained
0.7157894736842105	subj100	4	91211	untrained
0.7157894736842105	subj100	4	91211	untrained
0.48000000000000004	subj100	4	91211	untrained
0.7157894736842105	subj100	4	91211	untrained
0.7157894736842105	subj100	4	91211	untrained
0.7157894736842105	subj100	4	91211	untrained
0.7157894736842105	subj100	4	91211	untrained
0.68	subj100	4	91211	untrained
0.68	subj100	4	91211	untrained
0.551578947368421	subj100	4	91211	untrained
0.7157894736842105	subj100	4	91211	untrained
0.551578947368421	subj100	4	91211	untrained
0.7157894736842105	subj100	4	91211	untrained
0.3157894736842105	subj100	4	91211	untrained
0.7157894736842105	subj100	4	91211	untrained
0.7157894736842105	subj100	4	91211	untrained
0.7157894736842105	subj100	4	91211	untrained
0.48000000000000004	subj100	4	91211	untrained
0.551578947368421	subj100	4	91211	untrained
0.7157894736842105	subj100	4	91211	untrained
0.68	subj100	4	91211	untrained
0.551578947368421	subj100	4	91211	untrained
0.28631578947368425	subj100	4	91211	untrained
0.68	subj100	4	91211	untrained
0.35157894736842105	subj100	4	91211	untrained
0.68	subj100	4	91211	untrained
0.5090909090909091	subj100	4	92122	untrained
0.5090909090909091	subj100	4	92122	untrained
0.5090909090909091	subj100	4	92122	untrained
0.08727272727272725	subj100	4	92122	untrained
0.5090909090909091	subj100	4	92122	untrained
0.5709090909090909	subj100	4	92122	untrained
0.4872727272727274	subj100	4	92122	untrained
0.5090909090909091	subj100	4	92122	untrained
0.4872727272727274	subj100	4	92122	untrained
0.5272727272727272	subj100	4	92122	untrained
0.5272727272727272	subj100	4	92122	untrained
0.5890909090909091	subj100	4	92122	untrained
0.2290909090909091	subj100	4	92122	untrained
0.610909090909091	subj100	4	92122	untrained
0.5090909090909091	subj100	4	92122	untrained
0.5272727272727272	subj100	4	92122	untrained
0.5709090909090909	subj100	4	92122	untrained
0.5090909090909091	subj100	4	92122	untrained
0.4872727272727274	subj100	4	92122	untrained
0.4872727272727274	subj100	4	92122	untrained
0.5090909090909091	subj100	4	92122	untrained
0.610909090909091	subj100	4	92122	untrained
0.5890909090909091	subj100	4	92122	untrained
0.5272727272727272	subj100	4	92122	untrained
0.5890909090909091	subj100	4	92122	untrained
0.5090909090909091	subj100	4	92122	untrained
0.5090909090909091	subj100	4	92122	untrained
0.5090909090909091	subj100	4	92122	untrained
0.4872727272727274	subj100	4	92122	untrained
0.5709090909090909	subj100	4	92122	untrained
0.610909090909091	subj100	4	92122	untrained
-0.08727272727272725	subj100	4	92122	untrained
0.610909090909091	subj100	4	92122	untrained
0.5890909090909091	subj100	4	92122	untrained
0.5890909090909091	subj100	4	92122	untrained
0.5272727272727272	subj100	4	92122	untrained
0.5890909090909091	subj100	4	92122	untrained
0.5090909090909091	subj100	4	92122	untrained
0.5709090909090909	subj100	4	92122	untrained
0.5890909090909091	subj100	4	92122	untrained
0.5272727272727272	subj100	4	92122	untrained
0.4872727272727274	subj100	4	92122	untrained
0.5090909090909091	subj100	4	92122	untrained
0.5890909090909091	subj100	4	92122	untrained
0.5090909090909091	subj100	4	92122	untrained
-0.16727272727272732	subj100	4	92122	untrained
0.23272727272727278	subj100	4	92122	untrained
0.610909090909091	subj100	4	92122	untrained
0.5890909090909091	subj100	4	92122	untrained
0.610909090909091	subj100	4	92122	untrained
0.5890909090909091	subj100	4	92122	untrained
0.5272727272727272	subj100	4	92122	untrained
0.5272727272727272	subj100	4	92122	untrained
0.5890909090909091	subj100	4	92122	untrained
0.5890909090909091	subj100	4	92122	untrained
0.5090909090909091	subj100	4	92122	untrained
0.5709090909090909	subj100	4	92122	untrained
0.5090909090909091	subj100	4	92122	untrained
0.5709090909090909	subj100	4	92122	untrained
0.5709090909090909	subj100	4	92122	untrained
0.5890909090909091	subj100	4	92122	untrained
0.4872727272727274	subj100	4	92122	untrained
0.5890909090909091	subj100	4	92122	untrained
-0.5709090909090909	subj100	4	92122	untrained
0.5890909090909091	subj100	4	92122	untrained
0.5272727272727272	subj100	4	92122	untrained
0.5890909090909091	subj100	4	92122	untrained
0.5272727272727272	subj100	4	92122	untrained
0.610909090909091	subj100	4	92122	untrained
0.5890909090909091	subj100	4	92122	untrained
-0.16727272727272732	subj100	4	92122	untrained
0.5272727272727272	subj100	4	92122	untrained
0.5709090909090909	subj100	4	92122	untrained
0.610909090909091	subj100	4	92122	untrained
0.4872727272727274	subj100	4	92122	untrained
0.5890909090909091	subj100	4	92122	untrained
0.5090909090909091	subj100	4	92122	untrained
0.5709090909090909	subj100	4	92122	untrained
0.4872727272727274	subj100	4	92122	untrained
0.5709090909090909	subj100	4	92122	untrained
0.23272727272727278	subj100	4	92122	untrained
0.5890909090909091	subj100	4	92122	untrained
0.5890909090909091	subj100	4	92122	untrained
0.5890909090909091	subj100	4	92122	untrained
0.5890909090909091	subj100	4	92122	untrained
0.5090909090909091	subj100	4	92122	untrained
0.5890909090909091	subj100	4	92122	untrained
0.5090909090909091	subj100	4	92122	untrained
0.5890909090909091	subj100	4	92122	untrained
0.5272727272727272	subj100	4	92122	untrained
0.5890909090909091	subj100	4	92122	untrained
0.5890909090909091	subj100	4	92122	untrained
0.5890909090909091	subj100	4	92122	untrained
0.610909090909091	subj100	4	92122	untrained
0.610909090909091	subj100	4	92122	untrained
0.610909090909091	subj100	4	92122	untrained
0.5709090909090909	subj100	4	92122	untrained
0.5890909090909091	subj100	4	92122	untrained
0.610909090909091	subj100	4	92122	untrained
0.5090909090909091	subj100	4	92122	untrained
0.27272727272727276	subj100	4	92122	untrained
0.5709090909090909	subj100	4	92122	untrained
0.610909090909091	subj100	4	92122	untrained
0.610909090909091	subj100	4	92122	untrained
0.5090909090909091	subj100	4	92122	untrained
0.5890909090909091	subj100	4	92122	untrained
0.610909090909091	subj100	4	92122	untrained
0.5709090909090909	subj100	4	92122	untrained
0.610909090909091	subj100	4	92122	untrained
0.610909090909091	subj100	4	92122	untrained
0.3636363636363636	subj100	4	29212	untrained
-0.36181818181818187	subj100	4	29212	untrained
-0.3436363636363637	subj100	4	29212	untrained
0.3636363636363636	subj100	4	29212	untrained
-0.12363636363636363	subj100	4	29212	untrained
0.3636363636363636	subj100	4	29212	untrained
-0.3636363636363636	subj100	4	29212	untrained
-0.12363636363636363	subj100	4	29212	untrained
0.14363636363636362	subj100	4	29212	untrained
-0.08	subj100	4	29212	untrained
0.36181818181818187	subj100	4	29212	untrained
0.3636363636363636	subj100	4	29212	untrained
0.3218181818181819	subj100	4	29212	untrained
0.08	subj100	4	29212	untrained
0.3218181818181819	subj100	4	29212	untrained
0.36181818181818187	subj100	4	29212	untrained
0.3436363636363637	subj100	4	29212	untrained
0.3218181818181819	subj100	4	29212	untrained
0.3218181818181819	subj100	4	29212	untrained
0.08	subj100	4	29212	untrained
0.3636363636363636	subj100	4	29212	untrained
0.34	subj100	4	29212	untrained
0.3636363636363636	subj100	4	29212	untrained
0.0781818181818182	subj100	4	29212	untrained
0.3636363636363636	subj100	4	29212	untrained
0.36181818181818187	subj100	4	29212	untrained
0.3218181818181819	subj100	4	29212	untrained
0.3436363636363637	subj100	4	29212	untrained
0.08	subj100	4	29212	untrained
0.3200000000000001	subj100	4	29212	untrained
0.3636363636363636	subj100	4	29212	untrained
-0.3636363636363636	subj100	4	29212	untrained
0.3218181818181819	subj100	4	29212	untrained
0.3218181818181819	subj100	4	29212	untrained
-0.14363636363636362	subj100	4	29212	untrained
0.3200000000000001	subj100	4	29212	untrained
0.36181818181818187	subj100	4	29212	untrained
0.3636363636363636	subj100	4	29212	untrained
-0.12363636363636363	subj100	4	29212	untrained
-0.14363636363636362	subj100	4	29212	untrained
0.36181818181818187	subj100	4	29212	untrained
0.36181818181818187	subj100	4	29212	untrained
0.36181818181818187	subj100	4	29212	untrained
0.36181818181818187	subj100	4	29212	untrained
0.3636363636363636	subj100	4	29212	untrained
0.3436363636363637	subj100	4	29212	untrained
0.3636363636363636	subj100	4	29212	untrained
0.12363636363636363	subj100	4	29212	untrained
-0.3636363636363636	subj100	4	29212	untrained
0.14363636363636362	subj100	4	29212	untrained
0.3636363636363636	subj100	4	29212	untrained
0.3636363636363636	subj100	4	29212	untrained
0.3218181818181819	subj100	4	29212	untrained
0.34	subj100	4	29212	untrained
0.14363636363636362	subj100	4	29212	untrained
0.3636363636363636	subj100	4	29212	untrained
0.3636363636363636	subj100	4	29212	untrained
-0.14363636363636362	subj100	4	29212	untrained
0.36181818181818187	subj100	4	29212	untrained
0.14363636363636362	subj100	4	29212	untrained
0.36181818181818187	subj100	4	29212	untrained
0.3636363636363636	subj100	4	29212	untrained
0.08	subj100	4	29212	untrained
0.36181818181818187	subj100	4	29212	untrained
0.3436363636363637	subj100	4	29212	untrained
0.36181818181818187	subj100	4	29212	untrained
0.08	subj100	4	29212	untrained
0.08	subj100	4	29212	untrained
0.3636363636363636	subj100	4	29212	untrained
-0.3436363636363637	subj100	4	29212	untrained
0.36181818181818187	subj100	4	29212	untrained
0.08	subj100	4	29212	untrained
0.08	subj100	4	29212	untrained
0.3636363636363636	subj100	4	29212	untrained
-0.14363636363636362	subj100	4	29212	untrained
0.3436363636363637	subj100	4	29212	untrained
-0.14363636363636362	subj100	4	29212	untrained
0.34	subj100	4	29212	untrained
0.3636363636363636	subj100	4	29212	untrained
0.3636363636363636	subj100	4	29212	untrained
0.36181818181818187	subj100	4	29212	untrained
0.08	subj100	4	29212	untrained
0.36181818181818187	subj100	4	29212	untrained
0.3436363636363637	subj100	4	29212	untrained
0.3636363636363636	subj100	4	29212	untrained
0.36181818181818187	subj100	4	29212	untrained
0.14363636363636362	subj100	4	29212	untrained
-0.3636363636363636	subj100	4	29212	untrained
-0.14363636363636362	subj100	4	29212	untrained
0.36181818181818187	subj100	4	29212	untrained
0.36181818181818187	subj100	4	29212	untrained
0.3636363636363636	subj100	4	29212	untrained
0.0781818181818182	subj100	4	29212	untrained
0.0781818181818182	subj100	4	29212	untrained
0.36181818181818187	subj100	4	29212	untrained
0.36181818181818187	subj100	4	29212	untrained
0.3436363636363637	subj100	4	29212	untrained
0.3218181818181819	subj100	4	29212	untrained
0.36181818181818187	subj100	4	29212	untrained
0.3636363636363636	subj100	4	29212	untrained
0.3636363636363636	subj100	4	29212	untrained
0.1181818181818182	subj100	4	29212	untrained
-0.3636363636363636	subj100	4	29212	untrained
0.34	subj100	4	29212	untrained
-0.3636363636363636	subj100	4	29212	untrained
0.3436363636363637	subj100	4	29212	untrained
0.08	subj100	4	29212	untrained
-0.3436363636363637	subj100	4	29212	untrained
0.3636363636363636	subj100	4	29212	untrained
0.14	subj100	4	29212	untrained
0.8047058823529413	subj100	4	22911	untrained
0.6494117647058824	subj100	4	22911	untrained
0.13176470588235292	subj100	4	22911	untrained
0.8047058823529413	subj100	4	22911	untrained
0.8047058823529413	subj100	4	22911	untrained
0.6705882352941175	subj100	4	22911	untrained
0.3341176470588235	subj100	4	22911	untrained
0.26588235294117646	subj100	4	22911	untrained
0.4470588235294118	subj100	4	22911	untrained
0.6494117647058824	subj100	4	22911	untrained
0.22588235294117645	subj100	4	22911	untrained
0.8047058823529413	subj100	4	22911	untrained
0.6023529411764704	subj100	4	22911	untrained
0.6494117647058824	subj100	4	22911	untrained
0.8047058823529413	subj100	4	22911	untrained
0.6705882352941175	subj100	4	22911	untrained
0.26588235294117646	subj100	4	22911	untrained
0.8047058823529413	subj100	4	22911	untrained
0.6705882352941175	subj100	4	22911	untrained
0.6705882352941175	subj100	4	22911	untrained
0.35999999999999993	subj100	4	22911	untrained
0.6705882352941175	subj100	4	22911	untrained
0.6705882352941175	subj100	4	22911	untrained
0.6705882352941175	subj100	4	22911	untrained
0.6494117647058824	subj100	4	22911	untrained
-0.6023529411764704	subj100	4	22911	untrained
0.8047058823529413	subj100	4	22911	untrained
0.8047058823529413	subj100	4	22911	untrained
0.6023529411764704	subj100	4	22911	untrained
0.8047058823529413	subj100	4	22911	untrained
0.22588235294117645	subj100	4	22911	untrained
0.6705882352941175	subj100	4	22911	untrained
0.6705882352941175	subj100	4	22911	untrained
0.8047058823529413	subj100	4	22911	untrained
0.6023529411764704	subj100	4	22911	untrained
0.6494117647058824	subj100	4	22911	untrained
0.8047058823529413	subj100	4	22911	untrained
0.6494117647058824	subj100	4	22911	untrained
0.6494117647058824	subj100	4	22911	untrained
0.8047058823529413	subj100	4	22911	untrained
0.6705882352941175	subj100	4	22911	untrained
0.6705882352941175	subj100	4	22911	untrained
0.8047058823529413	subj100	4	22911	untrained
0.8047058823529413	subj100	4	22911	untrained
0.8047058823529413	subj100	4	22911	untrained
0.8047058823529413	subj100	4	22911	untrained
0.8047058823529413	subj100	4	22911	untrained
0.6494117647058824	subj100	4	22911	untrained
0.8047058823529413	subj100	4	22911	untrained
0.8047058823529413	subj100	4	22911	untrained
0.22588235294117645	subj100	4	22911	untrained
0.8047058823529413	subj100	4	22911	untrained
0.6023529411764704	subj100	4	22911	untrained
0.8047058823529413	subj100	4	22911	untrained
0.13176470588235292	subj100	4	22911	untrained
0.8047058823529413	subj100	4	22911	untrained
0.8047058823529413	subj100	4	22911	untrained
0.8047058823529413	subj100	4	22911	untrained
0.6023529411764704	subj100	4	22911	untrained
0.8047058823529413	subj100	4	22911	untrained
0.6494117647058824	subj100	4	22911	untrained
0.6023529411764704	subj100	4	22911	untrained
0.8047058823529413	subj100	4	22911	untrained
0.6705882352941175	subj100	4	22911	untrained
0.8047058823529413	subj100	4	22911	untrained
0.8047058823529413	subj100	4	22911	untrained
0.8047058823529413	subj100	4	22911	untrained
0.8047058823529413	subj100	4	22911	untrained
0.8047058823529413	subj100	4	22911	untrained
0.8047058823529413	subj100	4	22911	untrained
0.22588235294117645	subj100	4	22911	untrained
0.8047058823529413	subj100	4	22911	untrained
0.8047058823529413	subj100	4	22911	untrained
0.8047058823529413	subj100	4	22911	untrained
0.8047058823529413	subj100	4	22911	untrained
0.22588235294117645	subj100	4	22911	untrained
0.8047058823529413	subj100	4	22911	untrained
0.8047058823529413	subj100	4	22911	untrained
0.8047058823529413	subj100	4	22911	untrained
0.8047058823529413	subj100	4	22911	untrained
0.3811764705882353	subj100	4	22911	untrained
0.6494117647058824	subj100	4	22911	untrained
0.8047058823529413	subj100	4	22911	untrained
0.6494117647058824	subj100	4	22911	untrained
0.8047058823529413	subj100	4	22911	untrained
0.2357142857142857	subj100	5	91211	untrained
0.4771428571428572	subj100	5	91211	untrained
0.43714285714285717	subj100	5	91211	untrained
0.43714285714285717	subj100	5	91211	untrained
-0.4771428571428572	subj100	5	91211	untrained
0.43714285714285717	subj100	5	91211	untrained
0.22428571428571428	subj100	5	91211	untrained
0.43714285714285717	subj100	5	91211	untrained
0.29571428571428576	subj100	5	91211	untrained
0.20714285714285716	subj100	5	91211	untrained
0.4771428571428572	subj100	5	91211	untrained
-0.018571428571428576	subj100	5	91211	untrained
0.3071428571428572	subj100	5	91211	untrained
-0.2357142857142857	subj100	5	91211	untrained
-0.2357142857142857	subj100	5	91211	untrained
0.4771428571428572	subj100	5	91211	untrained
0.2357142857142857	subj100	5	91211	untrained
0.4771428571428572	subj100	5	91211	untrained
0.2357142857142857	subj100	5	91211	untrained
0.4771428571428572	subj100	5	91211	untrained
0.2357142857142857	subj100	5	91211	untrained
-0.22428571428571428	subj100	5	91211	untrained
0.30714285714285716	subj100	5	91211	untrained
-0.018571428571428576	subj100	5	91211	untrained
0.3071428571428572	subj100	5	91211	untrained
0.4771428571428572	subj100	5	91211	untrained
0.29571428571428576	subj100	5	91211	untrained
-0.09	subj100	5	91211	untrained
0.43714285714285717	subj100	5	91211	untrained
0.3071428571428572	subj100	5	91211	untrained
0.4771428571428572	subj100	5	91211	untrained
0.2642857142857143	subj100	5	91211	untrained
0.4771428571428572	subj100	5	91211	untrained
0.4771428571428572	subj100	5	91211	untrained
-0.09	subj100	5	91211	untrained
0.22428571428571428	subj100	5	91211	untrained
0.2357142857142857	subj100	5	91211	untrained
0.2642857142857143	subj100	5	91211	untrained
-0.3071428571428572	subj100	5	91211	untrained
-0.3071428571428572	subj100	5	91211	untrained
0.4771428571428572	subj100	5	91211	untrained
0.4771428571428572	subj100	5	91211	untrained
0.46571428571428575	subj100	5	91211	untrained
0.43714285714285717	subj100	5	91211	untrained
0.018571428571428576	subj100	5	91211	untrained
0.43714285714285717	subj100	5	91211	untrained
0.22428571428571428	subj100	5	91211	untrained
-0.22	subj100	5	91211	untrained
-0.22	subj100	5	91211	untrained
-0.09	subj100	5	91211	untrained
0.3071428571428572	subj100	5	91211	untrained
0.29571428571428576	subj100	5	91211	untrained
0.20714285714285716	subj100	5	91211	untrained
0.20714285714285716	subj100	5	91211	untrained
0.46571428571428575	subj100	5	91211	untrained
-0.018571428571428576	subj100	5	91211	untrained
0.20714285714285716	subj100	5	91211	untrained
0.20714285714285716	subj100	5	91211	untrained
0.20714285714285716	subj100	5	91211	untrained
0.5	subj100	5	91211	untrained
0.4771428571428572	subj100	5	91211	untrained
0.30714285714285716	subj100	5	91211	untrained
0.43714285714285717	subj100	5	91211	untrained
0.30714285714285716	subj100	5	91211	untrained
0.30714285714285716	subj100	5	91211	untrained
0.29571428571428576	subj100	5	91211	untrained
0.5	subj100	5	91211	untrained
0.5	subj100	5	91211	untrained
0.5	subj100	5	91211	untrained
0.5	subj100	5	91211	untrained
0.18200000000000005	subj100	5	21291	untrained
0.18200000000000005	subj100	5	21291	untrained
0.18200000000000005	subj100	5	21291	untrained
0.006000000000000001	subj100	5	21291	untrained
0.018000000000000016	subj100	5	21291	untrained
0.274	subj100	5	21291	untrained
0.18200000000000005	subj100	5	21291	untrained
0.274	subj100	5	21291	untrained
0.154	subj100	5	21291	untrained
0.01	subj100	5	21291	untrained
0.18200000000000005	subj100	5	21291	untrained
-0.041999999999999996	subj100	5	21291	untrained
-0.13399999999999998	subj100	5	21291	untrained
0.28600000000000003	subj100	5	21291	untrained
0.11800000000000001	subj100	5	21291	untrained
0.18200000000000005	subj100	5	21291	untrained
-0.14200000000000002	subj100	5	21291	untrained
-0.041999999999999996	subj100	5	21291	untrained
-0.02	subj100	5	21291	untrained
-0.041999999999999996	subj100	5	21291	untrained
0.274	subj100	5	21291	untrained
0.006000000000000001	subj100	5	21291	untrained
0.27	subj100	5	21291	untrained
0.27	subj100	5	21291	untrained
0.08000000000000002	subj100	5	21291	untrained
-0.018000000000000016	subj100	5	21291	untrained
0.24	subj100	5	21291	untrained
0.23	subj100	5	21291	untrained
-0.006000000000000001	subj100	5	21291	untrained
-0.018000000000000016	subj100	5	21291	untrained
0.006000000000000001	subj100	5	21291	untrained
0.11800000000000001	subj100	5	21291	untrained
-0.041999999999999996	subj100	5	21291	untrained
-0.041999999999999996	subj100	5	21291	untrained
0.018000000000000016	subj100	5	21291	untrained
-0.154	subj100	5	21291	untrained
0.11800000000000001	subj100	5	21291	untrained
0.15800000000000003	subj100	5	21291	untrained
-0.24600000000000002	subj100	5	21291	untrained
0.018000000000000016	subj100	5	21291	untrained
-0.018000000000000016	subj100	5	21291	untrained
0.24	subj100	5	21291	untrained
-0.018000000000000016	subj100	5	21291	untrained
0.14200000000000002	subj100	5	21291	untrained
0.23	subj100	5	21291	untrained
0.13399999999999998	subj100	5	21291	untrained
0.041999999999999996	subj100	5	21291	untrained
0.13399999999999998	subj100	5	21291	untrained
0.041999999999999996	subj100	5	21291	untrained
0.274	subj100	5	21291	untrained
-0.01111111111111111	subj100	5	92122	untrained
0.328888888888889	subj100	5	92122	untrained
0.37111111111111117	subj100	5	92122	untrained
0.3333333333333333	subj100	5	92122	untrained
0.328888888888889	subj100	5	92122	untrained
0.23999999999999996	subj100	5	92122	untrained
0.24666666666666673	subj100	5	92122	untrained
-0.3111111111111111	subj100	5	92122	untrained
0.4666666666666667	subj100	5	92122	untrained
0.01111111111111111	subj100	5	92122	untrained
0.37111111111111117	subj100	5	92122	untrained
-0.37111111111111117	subj100	5	92122	untrained
-0.07777777777777778	subj100	5	92122	untrained
-0.4666666666666667	subj100	5	92122	untrained
0.38888888888888895	subj100	5	92122	untrained
0.328888888888889	subj100	5	92122	untrained
0.37111111111111117	subj100	5	92122	untrained
0.01111111111111111	subj100	5	92122	untrained
0.328888888888889	subj100	5	92122	untrained
0.01111111111111111	subj100	5	92122	untrained
0.23999999999999996	subj100	5	92122	untrained
0.38888888888888895	subj100	5	92122	untrained
0.07777777777777778	subj100	5	92122	untrained
0.38888888888888895	subj100	5	92122	untrained
0.28222222222222226	subj100	5	92122	untrained
0.37111111111111117	subj100	5	92122	untrained
0.328888888888889	subj100	5	92122	untrained
0.38888888888888895	subj100	5	92122	untrained
-0.08888888888888886	subj100	5	92122	untrained
0.36666666666666664	subj100	5	92122	untrained
0.328888888888889	subj100	5	92122	untrained
0.328888888888889	subj100	5	92122	untrained
0.37111111111111117	subj100	5	92122	untrained
0.3888888888888889	subj100	5	92122	untrained
0.23999999999999996	subj100	5	92122	untrained
0.38888888888888895	subj100	5	92122	untrained
-0.3111111111111111	subj100	5	92122	untrained
-0.328888888888889	subj100	5	92122	untrained
-0.328888888888889	subj100	5	92122	untrained
-0.2644444444444444	subj100	5	92122	untrained
0.37111111111111117	subj100	5	92122	untrained
0.37111111111111117	subj100	5	92122	untrained
0.37111111111111117	subj100	5	92122	untrained
0.28222222222222226	subj100	5	92122	untrained
-0.01333333333333333	subj100	5	92122	untrained
-0.3145454545454546	subj100	5	19111	untrained
0.3145454545454546	subj100	5	19111	untrained
-0.08909090909090908	subj100	5	19111	untrained
0.3145454545454546	subj100	5	19111	untrained
-0.08909090909090908	subj100	5	19111	untrained
-0.3145454545454546	subj100	5	19111	untrained
0.3145454545454546	subj100	5	19111	untrained
0.3309090909090909	subj100	5	19111	untrained
0.3309090909090909	subj100	5	19111	untrained
0.18545454545454548	subj100	5	19111	untrained
-0.14363636363636365	subj100	5	19111	untrained
0.22909090909090912	subj100	5	19111	untrained
0.08909090909090908	subj100	5	19111	untrained
0.2127272727272727	subj100	5	19111	untrained
0.22909090909090912	subj100	5	19111	untrained
0.26	subj100	5	19111	untrained
0.26	subj100	5	19111	untrained
0.39090909090909093	subj100	5	19111	untrained
0.1909090909090909	subj100	5	19111	untrained
0.41818181818181815	subj100	5	19111	untrained
0.3145454545454546	subj100	5	19111	untrained
0.3145454545454546	subj100	5	19111	untrained
0.28363636363636363	subj100	5	19111	untrained
0.2727272727272727	subj100	5	19111	untrained
0.2727272727272727	subj100	5	19111	untrained
-0.3145454545454546	subj100	5	19111	untrained
-0.18545454545454548	subj100	5	19111	untrained
0.06363636363636366	subj100	5	19111	untrained
0.3309090909090909	subj100	5	19111	untrained
0.20181818181818184	subj100	5	19111	untrained
-0.3145454545454546	subj100	5	19111	untrained
-0.2727272727272727	subj100	5	19111	untrained
0.2727272727272727	subj100	5	19111	untrained
0.2727272727272727	subj100	5	19111	untrained
0.3181818181818182	subj100	5	19111	untrained
-0.26	subj100	5	19111	untrained
0.3181818181818182	subj100	5	19111	untrained
0.3181818181818182	subj100	5	19111	untrained
0.3145454545454546	subj100	5	19111	untrained
0.3309090909090909	subj100	5	19111	untrained
0.3309090909090909	subj100	5	19111	untrained
0.41818181818181815	subj100	5	19111	untrained
0.39090909090909093	subj100	5	19111	untrained
0.41818181818181815	subj100	5	19111	untrained
0.22909090909090912	subj100	5	19111	untrained
-0.3145454545454546	subj100	5	19111	untrained
0.3145454545454546	subj100	5	19111	untrained
-0.28363636363636363	subj100	5	19111	untrained
-0.28363636363636363	subj100	5	19111	untrained
-0.3309090909090909	subj100	5	19111	untrained
-0.3145454545454546	subj100	5	19111	untrained
0.2727272727272727	subj100	5	19111	untrained
0.3181818181818182	subj100	5	19111	untrained
0.1727272727272727	subj100	5	19111	untrained
0.1727272727272727	subj100	5	19111	untrained
0.45999999999999996	subj100	5	29212	untrained
-0.2866666666666666	subj100	5	29212	untrained
0.2866666666666666	subj100	5	29212	untrained
0.3933333333333334	subj100	5	29212	untrained
0.1111111111111111	subj100	5	29212	untrained
0.5666666666666667	subj100	5	29212	untrained
0.5666666666666667	subj100	5	29212	untrained
0.24000000000000002	subj100	5	29212	untrained
0.39555555555555555	subj100	5	29212	untrained
0.39555555555555555	subj100	5	29212	untrained
0.33111111111111113	subj100	5	29212	untrained
0.45999999999999996	subj100	5	29212	untrained
0.4777777777777778	subj100	5	29212	untrained
0.4777777777777778	subj100	5	29212	untrained
-0.13333333333333333	subj100	5	29212	untrained
0.2866666666666666	subj100	5	29212	untrained
0.2888888888888889	subj100	5	29212	untrained
-0.45999999999999996	subj100	5	29212	untrained
-0.33111111111111113	subj100	5	29212	untrained
-0.33111111111111113	subj100	5	29212	untrained
0.5222222222222223	subj100	5	29212	untrained
0.6111111111111112	subj100	5	29212	untrained
0.6111111111111112	subj100	5	29212	untrained
0.24000000000000002	subj100	5	29212	untrained
0.5222222222222223	subj100	5	29212	untrained
0.45999999999999996	subj100	5	29212	untrained
0.6222222222222222	subj100	5	29212	untrained
0.6222222222222222	subj100	5	29212	untrained
0.6222222222222222	subj100	5	29212	untrained
0.6222222222222222	subj100	5	29212	untrained
0.5222222222222223	subj100	5	29212	untrained
0.5444444444444444	subj100	5	29212	untrained
0.5444444444444444	subj100	5	29212	untrained
0.5444444444444444	subj100	5	29212	untrained
0.5	subj100	5	29212	untrained
-0.1111111111111111	subj100	5	29212	untrained
0.45999999999999996	subj100	5	29212	untrained
0.3933333333333334	subj100	5	29212	untrained
-0.4777777777777778	subj100	5	29212	untrained
0.6111111111111112	subj100	5	29212	untrained
0.2888888888888889	subj100	5	29212	untrained
0.6111111111111112	subj100	5	29212	untrained
0.6111111111111112	subj100	5	29212	untrained
0.6111111111111112	subj100	5	29212	untrained
0.6111111111111112	subj100	5	29212	untrained
0.26666666666666666	subj100	5	22911	untrained
0.15333333333333335	subj100	5	22911	untrained
0.26666666666666666	subj100	5	22911	untrained
0.05333333333333339	subj100	5	22911	untrained
0.21666666666666667	subj100	5	22911	untrained
0.15333333333333335	subj100	5	22911	untrained
0.21666666666666667	subj100	5	22911	untrained
0.21666666666666667	subj100	5	22911	untrained
-0.21666666666666667	subj100	5	22911	untrained
-0.01666666666666668	subj100	5	22911	untrained
0.15333333333333335	subj100	5	22911	untrained
-0.3	subj100	5	22911	untrained
0.01666666666666668	subj100	5	22911	untrained
-0.3	subj100	5	22911	untrained
-0.21666666666666667	subj100	5	22911	untrained
0.26666666666666666	subj100	5	22911	untrained
0.05333333333333339	subj100	5	22911	untrained
0.05333333333333339	subj100	5	22911	untrained
0.06666666666666667	subj100	5	22911	untrained
0.26666666666666666	subj100	5	22911	untrained
0.05333333333333339	subj100	5	22911	untrained
-0.016666666666666698	subj100	5	22911	untrained
-0.26666666666666666	subj100	5	22911	untrained
0.016666666666666698	subj100	5	22911	untrained
-0.016666666666666653	subj100	5	22911	untrained
0.16666666666666666	subj100	5	22911	untrained
-0.15333333333333335	subj100	5	22911	untrained
0.15333333333333335	subj100	5	22911	untrained
0.016666666666666698	subj100	5	22911	untrained
0.016666666666666698	subj100	5	22911	untrained
0.39111111111111113	subj100	5	12129	untrained
0.43111111111111117	subj100	5	12129	untrained
0.5377777777777778	subj100	5	12129	untrained
-0.18444444444444447	subj100	5	12129	untrained
0.5377777777777778	subj100	5	12129	untrained
0.43111111111111117	subj100	5	12129	untrained
0.4177777777777778	subj100	5	12129	untrained
0.4177777777777778	subj100	5	12129	untrained
0.5888888888888889	subj100	5	12129	untrained
-0.1	subj100	5	12129	untrained
0.051111111111111114	subj100	5	12129	untrained
0.5355555555555556	subj100	5	12129	untrained
0.5355555555555556	subj100	5	12129	untrained
0.43111111111111117	subj100	5	12129	untrained
0.5377777777777778	subj100	5	12129	untrained
0.18444444444444447	subj100	5	12129	untrained
0.5111111111111111	subj100	5	12129	untrained
0.5888888888888889	subj100	5	12129	untrained
0.1	subj100	5	12129	untrained
0.5111111111111111	subj100	5	12129	untrained
0.18222222222222226	subj100	5	12129	untrained
0.43111111111111117	subj100	5	12129	untrained
0.5888888888888889	subj100	5	12129	untrained
0.5111111111111111	subj100	5	12129	untrained
0.5888888888888889	subj100	5	12129	untrained
0.2866666666666666	subj100	5	12129	untrained
-0.18444444444444447	subj100	5	12129	untrained
-0.5355555555555556	subj100	5	12129	untrained
-0.26666666666666666	subj100	5	12129	untrained
-0.5377777777777778	subj100	5	12129	untrained
0.5377777777777778	subj100	5	12129	untrained
0.5377777777777778	subj100	5	12129	untrained
0.5888888888888889	subj100	5	12129	untrained
0.5888888888888889	subj100	5	12129	untrained
0.5888888888888889	subj100	5	12129	untrained
0.5888888888888889	subj100	5	12129	untrained
0.5888888888888889	subj100	5	12129	untrained
0.5888888888888889	subj100	5	12129	untrained
0.5888888888888889	subj100	5	12129	untrained
0.5888888888888889	subj100	5	12129	untrained
0.5377777777777778	subj100	5	12129	untrained
0.5355555555555556	subj100	5	12129	untrained
0.5111111111111111	subj100	5	12129	untrained
0.5111111111111111	subj100	5	12129	untrained
0.5888888888888889	subj100	5	12129	untrained
	subj100	5	12291	untrained
	subj100	5	12291	untrained
	subj100	5	12291	untrained
	subj100	5	12291	untrained
	subj100	5	12291	untrained
	subj100	5	12291	untrained
	subj100	5	12291	untrained
	subj100	5	12291	untrained
	subj100	5	12291	untrained
	subj100	5	12291	untrained
	subj100	5	12291	untrained
	subj100	5	12291	untrained
	subj100	5	12291	untrained
	subj100	5	12291	untrained
	subj100	5	12291	untrained
	subj100	5	12291	untrained
	subj100	5	12291	untrained
	subj100	5	12291	untrained
	subj100	5	12291	untrained
	subj100	5	12291	untrained
	subj100	5	12291	untrained
	subj100	5	12291	untrained
	subj100	5	12291	untrained
	subj100	5	12291	untrained
	subj100	5	12291	untrained
	subj100	5	12291	untrained
	subj100	5	12291	untrained
	subj100	5	12291	untrained
	subj100	5	12291	untrained
	subj100	5	12291	untrained
	subj100	5	12291	untrained
	subj100	5	12291	untrained
	subj100	5	12291	untrained
	subj100	5	12291	untrained
	subj100	5	12291	untrained
	subj100	5	12291	untrained
	subj100	5	12291	untrained
	subj100	5	12291	untrained
	subj100	5	12291	untrained
	subj100	5	12291	untrained
	subj100	5	12291	untrained
	subj100	5	12291	untrained
	subj100	5	12291	untrained
	subj100	5	12291	untrained
	subj100	5	12291	untrained
	subj100	5	12291	untrained
	subj100	5	12291	untrained
	subj100	5	12291	untrained
	subj100	5	12291	untrained
	subj100	5	12291	untrained
	subj100	5	12291	untrained
	subj100	5	12291	untrained
	subj100	5	12291	untrained
	subj100	5	12291	untrained
	subj100	5	12291	untrained
	subj100	5	12291	untrained
	subj100	5	12291	untrained
	subj100	5	12291	untrained
	subj100	5	12291	untrained
	subj100	5	12291	untrained
