day	subNum	BN	TN	chordID	trialPoint	MD	RT	ET	angle	jerk	sine	repetition	thumb_onset	index_onset	middle_onset	ring_onset	pinkie_onset	thumb_onset_order	index_onset_order	middle_onset_order	ring_onset_order	pinkie_onset_order	thumb_dforce	index_dforce	middle_dforce	ring_dforce	pinkie_dforce	thumb_dforce_order	index_dforce_order	middle_dforce_order	ring_dforce_order	pinkie_dforce_order	thumb_exit	index_exit	middle_exit	ring_exit	pinkie_exit	thumb_exit_order	index_exit_order	middle_exit_order	ring_exit_order	pinkie_exit_order	thumb_entry	index_entry	middle_entry	ring_entry	pinkie_entry	thumb_entry_order	index_entry_order	middle_entry_order	ring_entry_order	pinkie_entry_order	RT+ET
1	100	4.465116279069767	25.790697674418606	56419.20930232558	0.8186046511627907	2.0746493187627117	0.5127118644067796	3.0659774011299437	1.5627203378531074	132953359.68209039	0.6127530350564971	3.0	0.5874945054945054	0.6017718120805369	0.5612280701754386	0.5752994350282487	0.578	1.8241758241758241	1.7516778523489933	1.2017543859649122	1.2937853107344632	1.5197740112994351	1.3326813186813187	1.3998657718120806	1.8249649122807017	1.690949152542373	1.9949604519774011	1.4065934065934067	1.3154362416107384	1.2456140350877194	1.4463276836158192	1.92090395480226	0.8472747252747254	0.7684429530201342	0.6751929824561403	0.7905875706214689	0.9027683615819209	1.8461538461538463	1.4966442953020134	0.8333333333333334	1.4519774011299436	1.8022598870056497	1.649010989010989	1.8865369127516778	2.654421052631579	2.5952090395480223	2.5085875706214686	1.120879120879121	1.2818791946308725	1.087719298245614	1.7175141242937852	1.926553672316384	3.578689265536723
1	101	4.365853658536586	25.4390243902439	54764.634146341465	0.8585365853658536	2.1277499059261364	0.4840795454545454	2.500125	1.5953163036647728	118065750.728125	0.6253088600681818	3.0	0.5801263157894737	0.5005	0.517025641025641	0.4929318181818182	0.5157045454545455	1.3578947368421053	1.4071428571428573	1.2478632478632479	1.4829545454545454	1.8352272727272727	1.1640210526315788	1.1781142857142857	1.682222222222222	1.1642045454545455	1.345625	1.4631578947368422	1.3785714285714286	1.564102564102564	1.2329545454545454	1.8409090909090908	0.7751578947368422	0.6548142857142857	0.6128034188034187	0.6011477272727274	0.7488181818181818	1.6210526315789473	1.3214285714285714	0.9572649572649573	1.2215909090909092	2.215909090909091	1.5248631578947367	1.8866285714285713	2.844478632478632	1.9988750000000002	1.9094659090909092	1.5578947368421052	1.3142857142857143	1.7435897435897436	1.4261363636363635	1.5284090909090908	2.9842045454545456
1	102	4.866666666666666	25.333333333333332	60420.73333333333	0.9	1.283686584948148	0.36828148148148143	1.6507111111111112	1.4300956462148149	110487618.5491111	0.49611771621481476	3.0	0.36259649122807014	0.34728000000000003	0.3146363636363636	0.3366074074074074	0.35146666666666665	1.4385964912280702	1.84	0.75	1.288888888888889	1.9111111111111112	0.738842105263158	0.685408	0.7727499999999999	0.7505925925925926	0.7876	1.5087719298245614	1.608	1.1022727272727273	1.525925925925926	1.6296296296296295	0.5156140350877193	0.511616	0.40825	0.49758518518518524	0.5616888888888889	1.4736842105263157	1.528	0.4090909090909091	1.7555555555555555	1.9407407407407407	1.3106666666666666	0.9928640000000001	1.2641136363636365	1.561288888888889	1.278237037037037	1.3859649122807018	1.344	1.0340909090909092	1.9185185185185185	1.5777777777777777	2.0189925925925927
1	103	4.461538461538462	26.71794871794872	51514.153846153844	0.9794871794871794	1.3403919452565445	0.4667329842931937	1.7725235602094243	1.5356393568062827	184509439.42340314	0.47828437796335077	3.0	0.45896610169491525	0.42190551181102365	0.3936204379562044	0.36038743455497385	0.3880523560209424	1.3135593220338984	1.3543307086614174	1.4817518248175183	1.2408376963350785	1.9842931937172774	0.9331694915254237	1.0409448818897638	0.8466277372262774	0.8610575916230366	1.105109947643979	1.3559322033898304	1.31496062992126	1.3503649635036497	1.4345549738219896	1.8848167539267016	0.573406779661017	0.6088818897637795	0.543065693430657	0.5998743455497383	0.5970680628272251	1.305084745762712	1.094488188976378	0.948905109489051	1.8900523560209423	1.8952879581151831	1.2316610169491526	1.2949763779527559	1.3925255474452556	1.5772984293193717	1.3844397905759163	1.0508474576271187	1.4566929133858268	1.0218978102189782	1.8900523560209423	1.7591623036649215	2.239256544502618
1	104	4.4222222222222225	24.77777777777778	55429.311111111114	0.7511111111111111	1.0677498712426037	0.5589112426035503	2.2322248520710057	1.4402043939881657	125593430.2495858	0.46388033066863904	3.0	0.5146575342465753	0.4536323529411765	0.44173643410852714	0.35921893491124257	0.46189349112426037	1.8904109589041096	1.4779411764705883	1.310077519379845	1.0946745562130178	1.8994082840236686	1.449095890410959	0.8459264705882353	1.057426356589147	0.895810650887574	1.2122603550295856	1.5616438356164384	1.2941176470588236	1.4651162790697674	1.319526627218935	1.8461538461538463	0.7746301369863013	0.6650294117647059	0.5983875968992248	0.7718934911242603	0.7170177514792899	1.356164383561644	1.1911764705882353	1.1395348837209303	1.9467455621301775	1.6390532544378698	1.9934246575342467	1.0938823529411765	1.4010077519379844	2.508437869822485	1.5341656804733728	1.2328767123287672	0.9264705882352942	1.2790697674418605	2.3136094674556213	1.4319526627218935	2.791136094674556
1	106	4.214285714285714	24.428571428571427	56830.21428571428	0.8714285714285714	1.5864835294918032	0.5517704918032788	2.3814426229508197	1.7697644349398907	126105288.11398907	0.5255026716994535	3.0	0.47696774193548386	0.5844150943396226	0.5168421052631579	0.5698688524590164	0.5779016393442623	0.4946236559139785	1.628930817610063	0.7982456140350878	1.7049180327868851	2.1311475409836067	1.1288602150537634	1.1568301886792454	1.3283333333333334	1.2962950819672132	1.1364918032786886	0.946236559139785	1.509433962264151	1.0964912280701755	1.633879781420765	1.8907103825136613	0.619268817204301	0.7804528301886793	0.6253508771929824	0.7249726775956283	0.8202950819672131	0.7311827956989247	1.5660377358490567	0.7280701754385965	1.5901639344262295	2.2240437158469946	1.3220430107526882	1.5998490566037735	2.5220350877192983	2.3971475409836067	1.514	0.8709677419354839	1.3144654088050314	1.605263157894737	2.098360655737705	1.3169398907103824	2.9332131147540985
1	107	4.5227272727272725	24.477272727272727	60171.27272727273	0.8227272727272728	1.9462499094917127	0.547878453038674	2.9137237569060774	1.6071519362486189	141576732.5513812	0.5646666373646408	3.0	0.5060526315789474	0.5281242236024845	0.5913120000000001	0.710011049723757	0.8117127071823204	1.486842105263158	1.049689440993789	0.896	1.591160220994475	2.2320441988950277	1.0501578947368422	1.1389813664596273	1.975584	1.7609944751381217	1.6084309392265193	1.118421052631579	0.7763975155279503	1.488	1.856353591160221	1.9558011049723756	0.6205	0.6399006211180124	0.750576	1.0220552486187844	1.0471049723756907	0.8552631578947368	0.9006211180124224	0.904	2.0	2.2154696132596685	1.801973684210526	1.7160621118012422	2.94672	2.5015911602209946	2.096475138121547	1.2236842105263157	0.8322981366459627	1.792	1.7790055248618784	1.729281767955801	3.461602209944751
1	108	4.666666666666667	22.102564102564102	16473.5641025641	0.9692307692307692	1.1098989785789475	0.46267368421052635	1.9414105263157895	1.6333220864421052	205269163.51000002	0.3872206741105263	3.0	0.45331578947368417	0.39093750000000005	0.4115368421052632	0.44195	0.4401285714285714	1.6105263157894736	1.0125	1.3578947368421053	1.8	1.9285714285714286	1.5239052631578949	0.6851125	0.9931368421052631	1.14385	1.1021571428571428	1.8157894736842106	0.78125	1.4631578947368422	1.7375	1.8071428571428572	0.8122105263157894	0.5490125	0.5946210526315789	0.7157	0.6957285714285715	1.8894736842105264	0.73125	1.1421052631578947	2.075	2.007142857142857	2.0271263157894737	0.9613625000000001	1.1338105263157896	1.8113499999999998	1.2204285714285714	2.094736842105263	0.88125	1.2210526315789474	1.7	1.6642857142857144	2.404084210526316
1	109	4.393939393939394	24.363636363636363	16143.121212121212	0.7393939393939394	1.895660835878049	0.6248455284552845	3.0013821138211383	1.57597793199187	310371650.98317075	0.610561778105691	3.0	0.5495934959349593	0.6327608695652174	0.5604878048780487	0.5455890410958905	0.48575308641975307	1.6504065040650406	1.4891304347826086	1.2439024390243902	1.7671232876712328	1.4320987654320987	1.465869918699187	1.783413043478261	1.4929105691056912	1.783041095890411	1.439358024691358	1.3983739837398375	1.6521739130434783	1.3414634146341464	2.0821917808219177	1.1975308641975309	0.8135934959349593	0.970304347826087	0.7100162601626017	1.2471506849315068	0.8062716049382715	1.3902439024390243	1.5869565217391304	0.7967479674796748	2.4246575342465753	1.8024691358024691	2.0254471544715447	2.7667608695652173	2.4729430894308946	2.802849315068493	2.3004938271604938	1.056910569105691	1.5434782608695652	1.5040650406504066	1.9315068493150684	1.728395061728395	3.626227642276423
1	110	4.2444444444444445	24.11111111111111	16101.488888888889	0.88	1.1662729658333333	0.548959595959596	1.9203333333333332	1.655175294828283	219280664.61590907	0.47680500341414145	3.0	0.5439090909090909	0.5423668639053254	0.5131717171717172	0.5769285714285715	0.5370909090909091	1.4747474747474747	1.3431952662721893	1.202020202020202	1.8214285714285714	1.944055944055944	1.2303030303030302	0.9322130177514794	0.9904747474747475	1.1750238095238095	0.9408531468531469	1.696969696969697	1.3076923076923077	1.207070707070707	1.9166666666666667	1.6153846153846154	0.7037676767676768	0.6900591715976332	0.6403939393939394	0.8107380952380953	0.7225314685314685	1.4494949494949494	1.5088757396449703	1.1565656565656566	2.0238095238095237	1.7272727272727273	1.9867777777777778	1.3034082840236687	1.6632323232323232	1.8979523809523808	1.1075244755244755	2.0202020202020203	1.331360946745562	1.2525252525252526	1.4880952380952381	1.3286713286713288	2.4692929292929295
1	111	4.377777777777778	26.444444444444443	16514.911111111112	0.9377777777777778	1.6621445177488152	0.5959241706161137	2.6409004739336495	1.2591740227251185	319013167.8199052	0.5144773735924171	3.0	0.5680947867298578	0.715974358974359	0.805260663507109	0.9603928571428572	0.7509610389610389	0.6824644549763034	1.435897435897436	1.8578199052132702	2.3392857142857144	1.5844155844155845	1.2952606635071091	1.5114358974358975	1.8280379146919432	1.907017857142857	1.7150909090909092	0.7677725118483413	1.1666666666666667	1.867298578199052	2.1785714285714284	1.844155844155844	0.6960379146919431	1.0701923076923077	1.0304454976303319	1.4284642857142857	1.5648181818181819	0.3744075829383886	1.3205128205128205	1.5260663507109005	2.5625	2.4155844155844157	1.7870995260663507	1.970423076923077	1.8883222748815165	2.301142857142857	2.4836493506493507	0.8862559241706162	1.1153846153846154	1.3744075829383886	2.232142857142857	2.3701298701298703	3.2368246445497633
1	112	4.560975609756097	23.121951219512194	16215.292682926829	0.9365853658536586	1.6165227476875001	0.5503125	1.9031145833333334	1.5085336158958331	218528494.18541667	0.5116959616875	3.0	0.6955	0.807251798561151	0.6330104166666667	0.8287610619469027	0.8158484848484849	1.3229166666666667	1.6978417266187051	1.375	1.6017699115044248	1.643939393939394	1.2153020833333332	1.3844172661870504	1.1129583333333333	1.4017345132743362	1.2518939393939394	1.4322916666666667	1.618705035971223	1.3333333333333333	1.7345132743362832	1.5151515151515151	0.86103125	1.1864604316546763	0.8686458333333333	1.0195398230088495	1.022530303030303	1.2604166666666667	1.8633093525179856	1.4322916666666667	1.6283185840707965	1.4545454545454546	1.70353125	1.6328057553956834	1.4156041666666666	1.646	1.4272121212121212	1.796875	1.3021582733812949	1.2760416666666667	1.5575221238938053	1.553030303030303	2.453427083333333
1	113	4.3478260869565215	26.369565217391305	16072.130434782608	0.991304347826087	1.2534344571491227	0.3855263157894737	1.317061403508772	1.2672034497456142	178234787.02333334	0.4455128867807018	3.0	0.36644736842105263	0.3402022471910112	0.360640350877193	0.3550833333333333	0.312506329113924	1.894736842105263	1.1404494382022472	1.4780701754385965	1.5083333333333333	1.360759493670886	0.7618245614035087	0.7473370786516854	0.7578859649122807	0.8088	0.910493670886076	1.5789473684210527	1.1179775280898876	1.3771929824561404	1.6166666666666667	1.9050632911392404	0.5004736842105263	0.5645056179775281	0.48290350877192983	0.57025	0.6033037974683545	1.3991228070175439	1.5786516853932584	1.087719298245614	1.9583333333333333	1.8037974683544304	0.9086666666666666	1.015494382022472	0.9467631578947369	1.2560666666666667	1.206240506329114	1.2850877192982457	1.247191011235955	1.0	2.283333333333333	2.221518987341772	1.7025877192982457
2	100	4.111111111111111	31.055555555555557	61549.92222222222	0.98	1.637124198612245	0.4131609977324263	1.7319002267573698	1.5014991548798184	103740992.64716554	0.5475700484240363	3.0	0.5478391959798995	0.3826961325966851	0.36366978193146415	0.3750249433106576	0.42699319727891155	1.6180904522613064	1.37292817679558	1.1277258566978192	1.2494331065759636	2.072562358276644	0.9749346733668341	0.7421049723756906	0.7988224299065422	0.8856825396825397	1.007968253968254	1.4874371859296482	1.3701657458563536	1.0560747663551402	1.4285714285714286	2.006802721088435	0.7157889447236181	0.5155801104972375	0.4494828660436137	0.5408798185941043	0.6061179138321996	1.7236180904522613	1.3259668508287292	0.7507788161993769	1.5056689342403629	2.0816326530612246	1.0096180904522611	1.0233591160220994	1.127227414330218	1.595392290249433	1.24237641723356	1.0301507537688441	1.292817679558011	0.7383177570093458	2.058956916099773	1.8775510204081634	2.1450612244897957
2	101	4.5	25.5	57426.95	0.9025	1.710111507271468	0.4688642659279778	1.8041218836565098	1.4721218089085875	110201260.71939057	0.5967822478891966	3.0	0.5287441860465116	0.44960563380281693	0.4485639097744361	0.44542382271468145	0.4592963988919668	1.5988372093023255	1.25	1.2330827067669172	1.440443213296399	1.9058171745152355	1.0600813953488373	0.8734577464788733	1.0961804511278195	0.776016620498615	0.848786703601108	2.0174418604651163	1.3345070422535212	1.4924812030075187	1.1772853185595569	1.7119113573407203	0.7141162790697675	0.5954859154929577	0.5356315789473685	0.5459335180055401	0.5954903047091413	2.046511627906977	1.517605633802817	0.9624060150375939	1.1994459833795015	1.922437673130194	1.2674302325581395	1.280394366197183	1.7151804511278195	1.579689750692521	1.349224376731302	1.4883720930232558	1.5105633802816902	1.462406015037594	1.6121883656509695	1.4127423822714682	2.2729861495844874
2	102	4.5	25.5	59571.6125	1.0	0.7835230736475001	0.32972500000000005	0.5763349999999999	1.5519469448424998	58312829.243277505	0.4330854828975	3.0	0.3173846153846154	0.2924193548387097	0.2827186440677966	0.294435	0.28533000000000003	1.4923076923076923	1.732258064516129	1.0271186440677966	1.6475	1.525	0.5841435897435897	0.41882580645161294	0.4025830508474576	0.41528	0.42662500000000003	2.1025641025641026	1.7548387096774194	0.9627118644067797	1.3175	1.5875	0.44794871794871793	0.3738709677419355	0.3385694915254237	0.3693	0.39328	1.8717948717948718	1.864516129032258	0.6542372881355932	1.465	1.695	0.6102051282051282	0.5216129032258064	0.5745694915254237	0.650685	0.647635	1.6205128205128205	1.6483870967741936	0.7864406779661017	1.5375	1.815	0.90606
2	103	4.5	25.5	59830.675	0.9975	0.6945127807117795	0.44626566416040103	0.802310776942356	1.7114406264862156	67151442.56488721	0.40079355980701753	3.0	0.39544615384615384	0.36051020408163265	0.3718446601941748	0.36294736842105263	0.3985012531328321	1.1384615384615384	0.9149659863945578	1.5792880258899675	1.31328320802005	2.2330827067669174	0.6500923076923077	0.5440068027210884	0.6011779935275081	0.6195288220551378	0.6784511278195489	1.6307692307692307	1.0850340136054422	1.3656957928802589	1.3533834586466165	1.9924812030075187	0.5485948717948718	0.49198639455782317	0.47614239482200643	0.5191328320802006	0.5399498746867167	1.3487179487179488	1.0918367346938775	0.9773462783171522	1.631578947368421	2.1478696741854635	0.8537333333333333	0.6779931972789116	0.7959870550161813	0.9098696741854637	0.8368170426065162	1.2564102564102564	1.1020408163265305	1.0258899676375404	1.8596491228070176	1.9197994987468672	1.248576441102757
2	104	4.5	25.5	59706.3625	0.9225	0.6637137647046071	0.4148617886178862	1.245588075880759	1.6756625417073172	77802292.54514906	0.4415016866097561	3.0	0.4046514285714286	0.34580281690140846	0.33608602150537636	0.3205420054200542	0.36685636856368564	1.9028571428571428	1.5704225352112675	1.064516129032258	0.9214092140921409	2.16260162601626	0.5693028571428571	0.5563309859154929	0.619225806451613	0.4957181571815718	0.637680216802168	1.497142857142857	1.4190140845070423	1.2903225806451613	1.3523035230352303	1.8699186991869918	0.49418285714285715	0.47589436619718306	0.43202867383512544	0.47983739837398376	0.4518373983739838	1.2285714285714286	1.8133802816901408	1.103942652329749	1.7777777777777777	1.4092140921409213	0.6754971428571429	0.6939647887323944	0.8169605734767025	1.4363577235772356	0.767479674796748	0.9371428571428572	1.5211267605633803	1.3297491039426523	2.1192411924119243	1.2601626016260163	1.660449864498645
2	106	4.5	25.5	59627.6	0.9975	1.1867255294937344	0.4099047619047619	1.2682005012531328	1.6795875148345862	85666280.21453634	0.4894396917719298	3.0	0.3638556701030928	0.36536393442622955	0.37013377926421404	0.38559398496240604	0.4341052631578947	0.6082474226804123	1.3508196721311476	1.120401337792642	1.5839598997493733	2.2481203007518795	0.7369690721649484	0.6477311475409836	0.7295117056856187	0.7459598997493734	0.7896541353383458	1.1804123711340206	1.1934426229508197	1.0267558528428093	1.5112781954887218	2.2330827067669174	0.5038041237113402	0.4720196721311476	0.4690167224080267	0.5055137844611528	0.5829824561403508	0.8298969072164949	1.3573770491803279	0.8494983277591973	1.531328320802005	2.3909774436090228	0.8842680412371134	0.7901049180327869	1.0904949832775919	1.2796491228070175	0.917889724310777	0.9742268041237113	1.1672131147540983	0.9765886287625418	1.9523809523809523	1.949874686716792	1.6781052631578945
2	107	4.5	25.5	54865.7	0.8675	1.6773277813804035	0.5430086455331412	2.271752161383285	1.5183959984438042	118557863.39461096	0.5333649233025937	3.0	0.620629213483146	0.5256363636363637	0.5357510373443984	0.5701268011527377	0.6030144092219021	1.5898876404494382	1.3345454545454545	0.8340248962655602	1.54178674351585	2.005763688760807	1.142640449438202	1.0106545454545455	1.366688796680498	1.112899135446686	1.2140461095100865	1.4887640449438202	1.210909090909091	1.2738589211618256	1.4438040345821326	1.9481268011527377	0.9100224719101124	0.60552	0.6568464730290456	0.7675273775216138	0.78035734870317	1.6910112359550562	0.9672727272727273	0.8464730290456431	1.8962536023054755	1.8818443804034581	1.8074382022471909	1.276341818181818	2.202116182572614	2.1053832853025938	1.8546397694524495	1.252808988764045	1.0654545454545454	1.3360995850622406	1.930835734870317	1.654178674351585	2.8147608069164263
2	108	4.5	25.5	16183.775	0.9975	1.208283975593985	0.5152280701754386	1.3502155388471178	1.4233459523496241	236154341.947807	0.4516003657055138	3.0	0.3921904761904762	0.4604371584699454	0.44697493734335836	0.41599088838268794	0.3835559210526316	1.380952380952381	1.395264116575592	1.6340852130325814	1.569476082004556	1.524671052631579	1.0100075187969926	0.7982149362477232	0.7490927318295739	0.8710432801822323	0.7246315789473684	1.8258145363408522	1.04735883424408	1.362155388471178	1.7198177676537585	1.5032894736842106	0.6615789473684212	0.5879344262295082	0.5897894736842105	0.7340045558086561	0.6251348684210526	1.7330827067669172	0.9581056466302368	1.1040100250626566	2.1753986332574033	1.7154605263157894	1.2571428571428571	1.0500437158469946	1.0086315789473685	1.4126879271070614	0.9509605263157894	1.9273182957393484	1.0400728597449909	1.0764411027568923	1.9612756264236901	1.5773026315789473	1.8654436090225563
2	110	4.111111111111111	25.5	16275.466666666667	0.8866666666666667	1.0662296352606517	0.5468220551378445	1.8092030075187968	1.470142949105263	222003207.29095238	0.4348702107619048	3.0	0.463218045112782	0.5089114754098361	0.5004561403508772	0.5325402298850576	0.5366018808777429	1.1754385964912282	1.4754098360655739	1.3032581453634084	2.0	1.90282131661442	1.221859649122807	0.920504918032787	0.8876240601503759	1.065425287356322	0.8448401253918496	1.8395989974937343	1.337704918032787	1.150375939849624	1.8045977011494252	1.5015673981191222	0.7218045112781954	0.6212459016393442	0.6161002506265665	0.7150229885057471	0.7083260188087774	2.0526315789473686	1.2557377049180327	0.9849624060150376	1.8275862068965518	1.5078369905956113	1.968390977443609	1.1520131147540984	1.2201904761904763	1.392942528735632	1.0865078369905956	2.4486215538847116	1.1508196721311474	1.0200501253132832	1.3620689655172413	1.322884012539185	2.3560250626566415
2	111	5.0	25.5	15960.457142857143	0.9485714285714286	1.435453353623494	0.5904277108433734	1.8986746987951808	1.2185724462771084	232681579.63828313	0.435428719686747	3.0	0.5830301204819277	0.5751075697211155	0.6383855421686747	0.5948068181818182	0.7168354430379746	1.3975903614457832	1.0119521912350598	1.6506024096385543	1.4602272727272727	1.978902953586498	1.3587831325301205	0.9896972111553785	1.4117530120481927	1.4367954545454547	1.4077552742616033	1.5481927710843373	0.6812749003984063	1.6957831325301205	1.6534090909090908	1.9113924050632911	0.8298313253012048	0.7125019920318725	0.7798132530120483	0.9855795454545454	0.9956877637130802	1.605421686746988	0.7131474103585658	1.3493975903614457	1.8465909090909092	2.1392405063291138	1.871909638554217	1.0896095617529882	1.612246987951807	2.0005	1.970717299578059	1.8734939759036144	0.5378486055776892	1.319277108433735	1.7272727272727273	2.080168776371308	2.489102409638554
2	112	4.5	25.5	16380.05	1.0	1.3514452083475001	0.462575	1.261765	1.4353650217449998	156932883.974	0.463297874095	3.0	0.58245	0.5554	0.409945	0.48118	0.6241870967741935	2.015	1.2482758620689656	1.05	1.09	1.9161290322580644	0.88629	0.8000827586206897	0.773365	0.70292	0.9517032258064517	1.8975	1.0034482758620689	1.35	1.235	1.8161290322580645	0.747205	0.7127379310344827	0.572655	0.607	0.7729677419354839	2.035	1.2310344827586206	0.995	1.285	1.8516129032258064	1.11032	1.0868068965517241	1.0196800000000001	0.76582	1.1049935483870967	1.845	1.2275862068965517	1.345	1.11	1.761290322580645	1.72434
2	113	4.5	25.5	16373.975	1.0	0.76150505416	0.32888	0.5087700000000001	1.19597515334	100382516.88264999	0.353944445425	3.0	0.29559	0.2846344827586207	0.272485	0.27649302325581393	0.30830508474576274	1.7825	1.1586206896551725	1.1325	1.2186046511627906	2.1559322033898307	0.44443	0.4488758620689655	0.43689	0.4334511627906976	0.5059050847457627	1.565	1.2655172413793103	1.33	1.2465116279069768	2.057627118644068	0.390955	0.3911310344827586	0.37004	0.3732930232558139	0.43563389830508475	1.5675	1.4206896551724137	1.085	1.4232558139534883	2.1050847457627118	0.521575	0.5694	0.49034500000000003	0.5974418604651163	0.5672677966101695	1.445	1.4793103448275862	0.99	1.427906976744186	2.3389830508474576	0.83765
3	100	4.5	25.5	55820.0375	0.99	1.642375507037879	0.4331161616161616	1.5848787878787878	1.4651011891944445	99877461.90431818	0.5739823363055555	3.0	0.4822962962962963	0.4077728937728938	0.38953135313531356	0.37956565656565655	0.3988080808080808	1.8148148148148149	1.5787545787545787	1.1815181518151816	1.2045454545454546	1.8131313131313131	0.9239814814814815	0.6901465201465201	0.7147788778877888	0.8030454545454545	0.8287171717171717	1.7222222222222223	1.586080586080586	1.1353135313531353	1.292929292929293	1.8055555555555556	0.7188703703703704	0.5229377289377289	0.45945874587458746	0.5357323232323232	0.5755959595959597	1.9351851851851851	1.3956043956043955	0.6600660066006601	1.5378787878787878	1.9393939393939394	0.983638888888889	0.9397069597069598	1.003056105610561	1.4837575757575756	1.132449494949495	1.2222222222222223	1.3919413919413919	0.7656765676567657	2.04040404040404	1.7474747474747474	2.0179949494949496
3	101	4.5	25.5	60481.35	0.99	1.243921984388889	0.41040404040404044	1.015479797979798	1.4871810545530304	77118677.17987373	0.5037039219242424	3.0	0.4124255319148936	0.40491089108910894	0.36525581395348833	0.3666060606060606	0.3901414141414142	1.8191489361702127	1.495049504950495	1.0033222591362125	1.4191919191919191	1.8106060606060606	0.6761595744680851	0.6952805280528053	0.6625647840531561	0.6086616161616162	0.5877575757575758	2.106382978723404	1.4884488448844884	1.1926910299003322	1.2575757575757576	1.696969696969697	0.5147234042553192	0.5271683168316832	0.43951495016611297	0.4545959595959596	0.46595959595959596	1.872340425531915	2.0165016501650164	0.7674418604651163	1.371212121212121	1.6136363636363635	0.7505106382978723	0.926996699669967	0.8708039867109635	0.9193181818181818	0.8192777777777779	1.824468085106383	1.9636963696369636	0.9601328903654485	1.5	1.4015151515151516	1.4258838383838384
3	102	4.5	25.5	57370.0125	1.0	0.60369096821	0.32213500000000006	0.371775	1.7171196911975	45313092.7517	0.4204301962025	3.0	0.28032380952380953	0.29214736842105266	0.27536393442622953	0.28792	0.28321999999999997	1.0142857142857142	1.9333333333333333	1.222950819672131	1.635	1.5225	0.38144761904761904	0.40409122807017545	0.37553442622950817	0.38970999999999995	0.387575	1.6333333333333333	1.8596491228070176	1.2262295081967214	1.525	1.3575	0.3491428571428571	0.36183859649122807	0.3472655737704918	0.35214	0.35528	1.1857142857142857	1.912280701754386	1.2885245901639344	1.63	1.4025	0.4192952380952381	0.48616140350877196	0.4802819672131147	0.48029499999999997	0.495225	1.457142857142857	1.7157894736842105	1.3245901639344262	1.5425	1.46	0.69391
3	103	4.5	25.5	58077.625	1.0	0.5120246446825	0.430905	0.47485	1.94104260442	54778805.533649996	0.38128831665	3.0	0.3661658536585366	0.35427796610169493	0.3518266666666667	0.34314999999999996	0.37317	1.3463414634146342	1.006779661016949	1.4666666666666666	1.2425	2.225	0.5478146341463415	0.5004677966101695	0.5060600000000001	0.500065	0.598465	1.6146341463414635	1.1254237288135593	1.2033333333333334	1.1775	2.2625	0.48653658536585365	0.46675932203389825	0.46484	0.47432	0.528825	1.2048780487804878	1.1084745762711865	1.1966666666666668	1.3	2.3675	0.6361073170731707	0.5459728813559322	0.6027066666666667	0.68652	0.69708	1.146341463414634	1.0135593220338983	1.2433333333333334	1.465	2.2675	0.9057550000000001
3	104	4.5	25.5	60346.6	0.9825	0.46855161863867684	0.3343918575063613	0.6537302798982189	1.6196069515521627	60064887.67740458	0.41804818583460557	3.0	0.31076086956521737	0.2873035143769968	0.2964567474048443	0.276941475826972	0.29721119592875317	2.0652173913043477	1.4792332268370607	1.3633217993079585	0.9465648854961832	1.905852417302799	0.42088043478260867	0.3836549520766773	0.38680968858131487	0.384676844783715	0.4007226463104326	1.5	1.4376996805111821	1.28719723183391	1.3715012722646311	1.8346055979643765	0.3739239130434783	0.3735143769968051	0.36602076124567473	0.38081933842239185	0.3592468193384224	1.3043478260869565	1.6932907348242812	1.217993079584775	1.7531806615776082	1.3918575063613232	0.46926086956521734	0.4866070287539936	0.49968858131487887	0.8020661577608142	0.4640916030534351	1.3641304347826086	1.584664536741214	1.0899653979238755	2.017811704834606	1.2798982188295165	0.9881221374045801
3	106	4.5	25.5	61492.625	0.9975	0.9003067814310778	0.3520350877192982	0.8813533834586467	1.6452491711378445	75241267.50867167	0.45040842668421055	3.0	0.35045405405405405	0.3266734693877551	0.33065203761755485	0.3171528822055138	0.3561353383458647	1.2162162162162162	1.5204081632653061	1.432601880877743	1.1979949874686717	1.9724310776942355	0.548681081081081	0.4535170068027211	0.5091786833855799	0.5252731829573934	0.6088421052631579	1.3783783783783783	0.9931972789115646	1.3103448275862069	1.1604010025062657	2.4210526315789473	0.45220540540540544	0.4032857142857143	0.4043510971786834	0.41712280701754384	0.45153884711779446	1.3621621621621622	1.2346938775510203	1.2288401253918495	1.3859649122807018	2.0902255639097747	0.6063459459459459	0.5475918367346938	0.6709717868338557	0.8571979949874686	0.6512230576441104	1.3027027027027027	1.1258503401360545	0.9780564263322884	1.736842105263158	2.0476190476190474	1.2333884711779448
3	107	4.5	25.5	56964.8125	0.8125	1.3079346184662577	0.49182208588957055	1.664521472392638	1.4671782589141105	104153043.6396319	0.46850572110736194	3.0	0.5301466666666667	0.46765753424657536	0.4511809523809524	0.4725889570552147	0.48852147239263805	1.7933333333333332	1.321917808219178	0.7285714285714285	1.5521472392638036	1.969325153374233	0.8890533333333334	0.877445205479452	1.0464	0.9157791411042945	0.906840490797546	1.5866666666666667	1.2226027397260273	1.3571428571428572	1.3742331288343559	1.9263803680981595	0.6636399999999999	0.5434794520547945	0.5366571428571428	0.640920245398773	0.6114723926380368	1.1866666666666668	1.2054794520547945	0.8571428571428571	2.1349693251533743	1.687116564417178	1.0197333333333334	1.174890410958904	1.3922476190476192	1.6297852760736198	1.237840490797546	0.8466666666666667	1.2910958904109588	1.180952380952381	2.058282208588957	1.6349693251533743	2.1563435582822086
3	108	4.5	25.5	16606.525	1.0	0.7626634172	0.44195	0.807515	1.5891597796975	277507204.037025	0.34203746505250004	3.0	0.36249499999999996	0.3691851851851852	0.356085	0.31164444444444445	0.3152459016393443	1.9425	1.1185185185185185	1.295	1.3288888888888888	1.6524590163934427	0.71027	0.5889111111111112	0.58043	0.5790577777777778	0.5670360655737705	2.165	0.6666666666666666	1.2775	1.5911111111111111	1.5901639344262295	0.5414650000000001	0.47965185185185183	0.492775	0.5269866666666667	0.5221770491803279	2.0275	0.5518518518518518	1.1825	1.8577777777777778	1.8	0.9757750000000001	0.7075925925925927	0.7166	0.7742311111111111	0.6455540983606558	2.22	0.6444444444444445	1.18	1.8755555555555556	1.455737704918033	1.249465
3	109	4.5	25.5	16011.25	0.9975	1.1170889109899749	0.48048621553884713	1.198265664160401	1.3745490787969923	278160648.1197995	0.4779210068045113	3.0	0.3531027568922306	0.43608450704225354	0.426140350877193	0.46443720930232557	0.3329899665551839	0.8621553884711779	1.7253521126760563	1.7218045112781954	2.088372093023256	1.4180602006688963	0.7053934837092731	0.7292394366197184	0.5978646616541353	0.797739534883721	0.6547424749163879	1.3508771929824561	1.471830985915493	1.280701754385965	2.055813953488372	1.6187290969899666	0.521719298245614	0.589943661971831	0.5271629072681704	0.7471813953488372	0.5751772575250836	1.0601503759398496	1.5809859154929577	0.8721804511278195	2.6511627906976742	2.020066889632107	1.0608972431077694	1.0205070422535212	0.897077694235589	1.1117302325581395	0.9487157190635451	1.4360902255639099	1.591549295774648	0.9774436090225563	1.8325581395348838	1.9565217391304348	1.6787518796992482
3	110	4.5	25.5	15863.95	1.0	0.7389840099425	0.517915	0.90354	1.5378279395375	153314082.80915	0.3920298349425	3.0	0.45945	0.48373333333333335	0.433285	0.45476190476190476	0.4894689655172414	1.8625	1.3733333333333333	0.8875	1.5333333333333334	1.9517241379310344	0.95395	0.69758	0.635135	0.6514190476190477	0.6751103448275863	2.255	1.32	0.7625	1.3714285714285714	1.7551724137931035	0.644445	0.6274733333333333	0.54593	0.5552380952380952	0.6130965517241379	2.3025	1.4733333333333334	0.755	1.2619047619047619	1.6206896551724137	1.1959	0.7595466666666667	0.78372	0.6648571428571429	0.7118137931034483	2.5475	1.18	0.98	1.1523809523809523	1.3551724137931034	1.421455
3	111	4.5	25.5	16145.475	0.9975	1.2284881285989975	0.5213383458646617	1.0730426065162908	1.404585249253133	174427811.67553884	0.39693315913283206	3.0	0.5523408521303258	0.4940129032258065	0.46926817042606517	0.46268041237113405	0.5217823129251701	2.0676691729323307	1.0129032258064516	1.0952380952380953	1.1804123711340206	2.003401360544218	0.9790225563909775	0.6991935483870968	0.9315238095238095	0.9664536082474227	0.9312993197278913	1.9649122807017543	0.5967741935483871	1.4987468671679198	1.402061855670103	1.8877551020408163	0.7448421052631579	0.5862064516129032	0.5965463659147869	0.6593814432989691	0.7049047619047619	2.225563909774436	0.6838709677419355	1.0	1.458762886597938	2.0816326530612246	1.1603959899749374	0.7980838709677419	1.0866165413533835	1.210443298969072	1.0963673469387756	2.087719298245614	0.5612903225806452	1.2105263157894737	1.6958762886597938	1.9557823129251701	1.5943809523809525
3	112	4.5	25.5	15977.0	1.0	1.1881747980825	0.46625	1.091135	1.764163255945	182196093.320975	0.43094994602500003	3.0	0.509885	0.46287500000000004	0.42554499999999995	0.4167444444444444	0.5111066666666666	2.0525	0.98125	1.2175	1.3333333333333333	1.7933333333333332	0.775145	0.6576187499999999	0.6889149999999999	0.6441666666666667	0.8673933333333333	1.96	0.7375	1.3025	1.2722222222222221	2.1	0.6419499999999999	0.5828562500000001	0.559365	0.5150333333333333	0.65298	2.095	1.084375	1.18	1.2555555555555555	1.7233333333333334	0.890455	0.96205	0.83809	0.6719555555555555	1.0058933333333333	1.905	1.2	1.0875	1.1777777777777778	2.0233333333333334	1.5573849999999998
3	113	4.5	25.5	17093.9	1.0	0.587848401645	0.310915	0.30168	1.191980119845	100632848.665625	0.3365380988425	3.0	0.28075	0.2806472727272727	0.261695	0.2421230769230769	0.2659939393939394	2.09	1.3454545454545455	1.01	1.0153846153846153	1.793939393939394	0.38112	0.4023709090909091	0.37395	0.35383589743589744	0.40214545454545453	1.6875	1.3963636363636365	1.29	1.205128205128205	1.7878787878787878	0.358425	0.3597381818181818	0.33283	0.32424615384615385	0.36721818181818183	1.9275	1.2836363636363637	0.93	1.317948717948718	1.9606060606060607	0.40737	0.4331709090909091	0.391565	0.4371076923076923	0.4579636363636363	1.6525	1.210909090909091	0.9975	1.4256410256410257	2.209090909090909	0.612595
4	100	4.5	25.5	59898.05	1.0	1.4227499098224998	0.38683999999999996	0.980905	1.4990013898775	74589637.904625	0.51478580326	3.0	0.46334358974358975	0.36766206896551723	0.34331428571428574	0.34820500000000004	0.35972000000000004	1.7333333333333334	1.5793103448275863	1.146031746031746	1.1975	1.91	0.7197743589743589	0.531951724137931	0.5223619047619048	0.586905	0.6443800000000001	1.8256410256410256	1.693103448275862	1.0698412698412698	1.315	1.725	0.6131282051282051	0.4713931034482759	0.4049142857142857	0.46714	0.52176	1.8615384615384616	1.396551724137931	0.6158730158730159	1.625	1.97	0.7740102564102563	0.7239448275862068	0.6215555555555555	0.7755249999999999	0.80202	1.7025641025641025	1.4344827586206896	0.692063492063492	1.695	1.89	1.367745
4	101	4.5	25.5	57348.1875	1.0	1.3110972221525001	0.39563000000000004	0.94479	1.5581170100375	73177935.056575	0.480949444135	3.0	0.4063904761904762	0.3654965517241379	0.34402666666666665	0.35930500000000004	0.36633499999999997	2.0714285714285716	1.196551724137931	0.9833333333333333	1.4525	1.855	0.7076666666666668	0.5931172413793103	0.6131266666666666	0.550315	0.57509	2.1523809523809523	1.4	1.14	1.3175	1.6825	0.5280666666666667	0.4915724137931035	0.43160666666666664	0.44211	0.458775	2.080952380952381	1.8689655172413793	0.6666666666666666	1.43	1.6225	0.7590095238095238	0.778144827586207	0.8332266666666667	0.8345699999999999	0.711785	1.819047619047619	1.9793103448275862	0.89	1.5025	1.44	1.34042
4	102	4.5	25.5	59976.8125	1.0	0.48523084000750005	0.30024999999999996	0.23277	1.6096095069424998	34283809.637825	0.39377064697999997	3.0	0.265651282051282	0.271221052631579	0.262425	0.27210999999999996	0.26724	1.2564102564102564	1.5614035087719298	1.253125	1.715	1.5575	0.34010256410256406	0.3464842105263158	0.35533125	0.35048999999999997	0.36284	1.3897435897435897	1.6	1.265625	1.625	1.545	0.314574358974359	0.32890526315789476	0.31809375	0.32459499999999997	0.327415	0.9641025641025641	1.5649122807017544	1.359375	1.6425	1.685	0.38603076923076923	0.39896140350877196	0.4027625	0.398105	0.429655	1.205128205128205	1.6210526315789473	1.215625	1.53	1.755	0.53302
4	103	4.5	25.5	61267.725	1.0	0.37807857632999997	0.40470999999999996	0.273175	1.8726986479325	41005560.1971	0.37406548446000004	3.0	0.36212972972972973	0.3378967741935484	0.3385639344262295	0.329625	0.357035	1.5621621621621622	0.9967741935483871	1.7442622950819673	1.0025	2.1725	0.48843243243243245	0.4543548387096774	0.44544918032786884	0.443755	0.51768	1.864864864864865	1.103225806451613	1.2065573770491804	1.025	2.3375	0.4545837837837838	0.43729032258064515	0.42206557377049175	0.42246	0.45541	1.5621621621621622	1.5	1.3311475409836067	0.9975	2.1025	0.5385837837837838	0.5165612903225806	0.5328196721311476	0.51191	0.553355	1.481081081081081	1.5838709677419356	1.3311475409836067	1.0075	2.065	0.677885
4	104	4.5	25.5	58875.3875	1.0	0.4791908921725	0.316735	0.51525	1.6405250300874998	54483816.098950006	0.426887043995	3.0	0.28763	0.2694266666666667	0.28150000000000003	0.26177	0.28071999999999997	2.04	1.43	1.4133333333333333	1.0025	1.845	0.39635	0.3818933333333333	0.38948	0.36924500000000005	0.37619	2.095	1.5533333333333332	1.1766666666666667	1.32	1.585	0.36802999999999997	0.36329999999999996	0.3497733333333333	0.35052999999999995	0.34335	2.23	1.61	1.22	1.53	1.2325	0.44274	0.5097733333333333	0.4344133333333334	0.6005400000000001	0.40115	2.195	1.58	1.1033333333333333	1.8875	1.0025	0.831985
4	106	4.5	25.5	61806.425	1.0	0.6857760110275	0.32505	0.561555	1.7242728919275	58233556.118875	0.415294372225	3.0	0.28874444444444447	0.2883090909090909	0.30313103448275863	0.301585	0.32744	0.7166666666666667	0.8121212121212121	1.3448275862068966	1.7175	2.315	0.418	0.39724242424242423	0.42735172413793104	0.46053	0.48229500000000003	1.0833333333333333	0.7818181818181819	1.210344827586207	1.5425	2.4475	0.3783444444444445	0.3498545454545455	0.36986896551724135	0.377615	0.413555	1.25	0.8090909090909091	1.1310344827586207	1.64	2.31	0.4578444444444445	0.4825757575757576	0.4803310344827586	0.625755	0.566915	1.4444444444444444	0.706060606060606	1.0310344827586206	1.88	2.14	0.886605
4	107	4.5	25.5	57020.8	0.98	1.2658800836479591	0.48221938775510204	1.3176479591836736	1.4628056602984694	88394229.91239797	0.4910847878265306	3.0	0.5519113300492611	0.409960396039604	0.4262230215827338	0.44957142857142857	0.45790816326530615	2.1970443349753697	1.353135313531353	1.0	1.211734693877551	1.8954081632653061	0.9376847290640394	0.6938019801980199	0.8296258992805755	0.7581122448979593	0.8645408163265306	1.8817733990147782	1.1353135313531353	1.2374100719424461	1.3418367346938775	1.9285714285714286	0.7656551724137931	0.5394719471947195	0.5407194244604316	0.579423469387755	0.599204081632653	1.9605911330049262	1.3333333333333333	1.169064748201439	1.3801020408163265	1.7448979591836735	1.2525418719211823	0.8857953795379538	1.1521510791366907	1.2640663265306122	1.31775	1.3694581280788178	1.188118811881188	1.2194244604316546	1.489795918367347	2.017857142857143	1.7998673469387756
4	108	4.5	25.5	16146.95	1.0	0.5783605726575	0.39572	0.56455	1.6053130799	128923754.63209999	0.37415584533	3.0	0.35019500000000003	0.3148965517241379	0.325715	0.32432727272727274	0.32293793103448276	2.0375	0.8448275862068966	1.17	1.5272727272727273	1.8482758620689654	0.576755	0.5340758620689655	0.51674	0.48554545454545456	0.5018137931034483	2.08	1.0310344827586206	1.325	1.6181818181818182	1.3206896551724139	0.44648000000000004	0.42272413793103447	0.44554000000000005	0.46301818181818183	0.46788965517241377	1.585	0.7931034482758621	1.38	2.109090909090909	1.793103448275862	0.70967	0.5916689655172414	0.6039650000000001	0.6099454545454545	0.6364000000000001	1.68	0.8862068965517241	1.3225	2.1227272727272726	1.6379310344827587	0.96027
4	109	4.5	25.5	16143.45	1.0	0.8390347451875	0.45915	0.7672150000000001	1.5782122863899999	221177456.204525	0.391054319825	3.0	0.33889	0.4074645161290323	0.40085	0.39755	0.35058620689655173	0.8175	1.6387096774193548	1.5475	2.005	1.8793103448275863	0.64283	0.5950903225806452	0.5513600000000001	0.6629	0.6379448275862069	1.6	1.1258064516129032	1.015	2.055	2.0482758620689654	0.506155	0.5386387096774193	0.504665	0.60558	0.5747310344827586	1.1775	1.2193548387096773	1.03	2.43	2.2517241379310344	0.760575	0.7190516129032258	0.6983450000000001	0.81354	0.8572413793103448	1.4625	1.1612903225806452	1.0075	2.06	2.206896551724138	1.226365
4	110	4.5	25.5	16777.575	1.0	0.5981695286200001	0.466265	0.437035	1.1330230615624999	60877819.037975	0.3982872539	3.0	0.43557	0.41467857142857145	0.38527500000000003	0.40879024390243907	0.4213904761904762	2.105	1.2607142857142857	0.7	1.3560975609756099	2.0539682539682538	0.60139	0.5828357142857142	0.53407	0.5273073170731707	0.5843301587301587	2.0	1.3464285714285715	0.7825	1.3560975609756099	2.0063492063492063	0.546155	0.5347142857142857	0.489415	0.5004682926829268	0.5452	1.92	1.525	0.7275	1.3219512195121952	2.041269841269841	0.63488	0.6747500000000001	0.619425	0.5861560975609756	0.6335428571428572	1.7975	1.4535714285714285	1.015	1.2926829268292683	1.9142857142857144	0.9033
4	111	4.5	25.5	16380.6	1.0	0.9071653968175001	0.43719	0.59107	1.6119556626475	77807224.14935	0.37147372081	3.0	0.467885	0.3989935483870968	0.36585500000000004	0.37723529411764706	0.44335625	2.4025	1.0	0.6625	0.888235294117647	2.228125	0.67557	0.5879483870967742	0.6216	0.6497999999999999	0.6353125000000001	2.0925	0.5	1.1875	1.3647058823529412	2.190625	0.548005	0.4782129032258065	0.46354999999999996	0.47000000000000003	0.52288125	2.265	0.6709677419354839	0.86	1.4705882352941178	2.1625	0.756465	0.6419677419354839	0.7571850000000001	0.8122470588235293	0.7118187500000001	2.03	0.5967741935483871	1.18	1.7117647058823529	2.0	1.02826
4	112	4.5	25.5	16056.175	1.0	1.1005830454549999	0.41325	0.788255	1.751851076995	126503188.63387501	0.4279856640075	3.0	0.443805	0.38220952380952383	0.385165	0.34332999999999997	0.5517894736842105	2.165	0.6666666666666666	1.3	0.87	2.210526315789474	0.656825	0.5474095238095238	0.5591349999999999	0.48316000000000003	0.7621614035087719	2.0525	0.5587301587301587	1.36	1.205	2.168421052631579	0.54533	0.4712507936507936	0.470465	0.44821	0.6698666666666667	2.09	0.7492063492063492	1.1625	1.275	2.1333333333333333	0.71384	0.6560444444444444	0.6626449999999999	0.62092	0.8611719298245614	2.005	0.8063492063492064	1.0925	1.49	2.136842105263158	1.201505
4	113	4.5	25.5	16174.2	1.0	0.479275582035	0.30607500000000004	0.285885	1.2015844407925	63792129.35415	0.34477298762499997	3.0	0.27405	0.27439322033898306	0.261845	0.2601953488372093	0.2666689655172414	1.7	1.4677966101694915	1.1925	1.0651162790697675	2.003448275862069	0.359895	0.37768135593220337	0.35930999999999996	0.3446325581395349	0.37936551724137935	1.435	1.6576271186440679	1.52	1.0976744186046512	1.7	0.33710999999999997	0.3558779661016949	0.32738	0.3233767441860465	0.345151724137931	1.485	1.7186440677966102	1.0675	1.1767441860465115	2.1344827586206896	0.38051999999999997	0.4234576271186441	0.39677	0.41933953488372094	0.4373793103448276	1.28	1.6338983050847458	1.1225	1.2790697674418605	2.3517241379310345	0.5919599999999999
